driverId,lap,stop,time,duration,Season,Round
perez,2,1,18:11:56,23.993,2021,1
gasly,4,1,18:16:14,38.338,2021,1
alonso,11,1,18:27:32,24.373,2021,1
norris,12,1,18:29:05,24.899,2021,1
leclerc,12,1,18:29:06,24.925,2021,1
stroll,12,1,18:29:09,24.884,2021,1
giovinazzi,12,1,18:29:14,31.998,2021,1
hamilton,13,1,18:30:29,24.839,2021,1
ricciardo,13,1,18:30:45,24.688,2021,1
raikkonen,13,1,18:30:52,24.107,2021,1
ocon,13,1,18:30:55,25.226,2021,1
russell,13,1,18:31:02,24.621,2021,1
latifi,14,1,18:32:44,26.046,2021,1
mick_schumacher,14,1,18:32:58,25.798,2021,1
sainz,15,1,18:34:04,24.353,2021,1
tsunoda,15,1,18:34:12,25.046,2021,1
bottas,16,1,18:35:24,24.262,2021,1
max_verstappen,17,1,18:36:54,24.767,2021,1
perez,19,2,18:40:35,24.105,2021,1
gasly,19,2,18:41:17,24.317,2021,1
vettel,24,1,18:49:08,24.626,2021,1
hamilton,28,2,18:54:40,24.076,2021,1
stroll,28,2,18:55:23,25.525,2021,1
raikkonen,29,2,18:57:06,24.046,2021,1
alonso,29,2,18:57:13,24.775,2021,1
bottas,30,2,18:57:58,32.897,2021,1
giovinazzi,30,2,18:58:53,24.223,2021,1
ocon,31,2,19:00:29,24.471,2021,1
leclerc,32,2,19:01:40,24.176,2021,1
ricciardo,32,2,19:01:44,24.655,2021,1
ocon,1,1,15:05:16,30.866,2021,2
vettel,3,1,15:10:09,32.024,2021,2
mick_schumacher,5,1,15:15:11,51.007,2021,2
mazepin,12,1,15:27:20,31.168,2021,2
gasly,14,1,15:30:10,31.068,2021,2
vettel,20,2,15:39:11,31.184,2021,2
mick_schumacher,21,2,15:41:24,32.479,2021,2
vettel,22,3,15:42:52,39.502,2021,2
mazepin,23,2,15:45:20,31.500,2021,2
tsunoda,25,1,15:46:39,30.696,2021,2
russell,26,1,15:47:53,29.983,2021,2
raikkonen,26,1,15:47:55,30.280,2021,2
max_verstappen,27,1,15:47:59,29.809,2021,2
gasly,26,2,15:48:45,32.277,2021,2
sainz,27,1,15:48:51,30.856,2021,2
ricciardo,27,1,15:48:57,34.340,2021,2
stroll,27,1,15:49:16,31.138,2021,2
hamilton,28,1,15:49:27,32.112,2021,2
giovinazzi,27,1,15:49:32,32.299,2021,2
ocon,27,2,15:49:42,30.652,2021,2
leclerc,28,1,15:49:43,31.002,2021,2
perez,28,1,15:49:58,44.608,2021,2
norris,28,1,15:50:11,30.654,2021,2
bottas,28,1,15:50:46,30.167,2021,2
alonso,28,1,15:51:18,30.864,2021,2
hamilton,31,2,15:55:30,38.198,2021,2
ocon,31,3,15:56:23,30.701,2021,2
max_verstappen,33,2,15:58:11,27:01.361,2021,2
stroll,32,2,15:58:13,24:52.090,2021,2
raikkonen,32,2,15:58:16,24:52.612,2021,2
bottas,2,1,15:06:11,21.377,2021,3
hamilton,2,1,15:06:13,22.426,2021,3
max_verstappen,2,1,15:06:14,22.718,2021,3
sainz,2,1,15:06:16,22.029,2021,3
perez,2,1,15:06:18,21.890,2021,3
norris,2,1,15:06:19,21.407,2021,3
ocon,2,1,15:06:21,21.275,2021,3
leclerc,2,1,15:06:23,21.323,2021,3
gasly,2,1,15:06:24,21.353,2021,3
vettel,2,1,15:06:26,21.398,2021,3
russell,2,1,15:06:27,23.532,2021,3
giovinazzi,2,1,15:06:29,22.485,2021,3
ricciardo,2,1,15:06:31,21.965,2021,3
alonso,2,1,15:06:34,21.452,2021,3
tsunoda,2,1,15:06:36,22.266,2021,3
stroll,2,1,15:06:37,22.264,2021,3
latifi,2,1,15:06:39,21.970,2021,3
mick_schumacher,2,1,15:06:40,22.019,2021,3
mazepin,2,1,15:06:42,21.372,2021,3
bottas,3,2,15:08:34,22.072,2021,3
hamilton,3,2,15:08:36,22.164,2021,3
max_verstappen,3,2,15:08:37,22.104,2021,3
sainz,3,2,15:08:38,22.244,2021,3
perez,3,2,15:08:39,22.100,2021,3
norris,3,2,15:08:40,22.551,2021,3
ocon,3,2,15:08:42,22.240,2021,3
leclerc,3,2,15:08:43,22.587,2021,3
gasly,3,2,15:08:45,22.319,2021,3
vettel,3,2,15:08:48,21.750,2021,3
russell,3,2,15:08:48,22.755,2021,3
giovinazzi,8,1,15:15:06,54.673,2021,4
russell,9,1,15:17:07,23.814,2021,4
latifi,9,1,15:17:10,26.672,2021,4
gasly,18,1,15:30:37,28.042,2021,4
alonso,21,1,15:34:51,22.043,2021,4
vettel,21,1,15:34:52,23.087,2021,4
sainz,22,1,15:36:10,21.779,2021,4
stroll,22,1,15:36:15,21.756,2021,4
mazepin,22,1,15:36:40,23.098,2021,4
bottas,23,1,15:37:18,22.311,2021,4
ocon,23,1,15:37:33,22.798,2021,4
norris,23,1,15:37:35,21.864,2021,4
mick_schumacher,23,1,15:37:59,24.006,2021,4
max_verstappen,24,1,15:38:32,23.565,2021,4
ricciardo,25,1,15:40:16,22.406,2021,4
perez,27,1,15:43:06,22.382,2021,4
latifi,27,2,15:43:32,21.424,2021,4
hamilton,28,1,15:44:07,22.220,2021,4
leclerc,28,1,15:44:20,21.613,2021,4
russell,28,2,15:44:52,21.919,2021,4
raikkonen,37,1,15:57:41,21.572,2021,4
vettel,38,2,15:59:08,21.973,2021,4
stroll,39,2,16:00:28,21.432,2021,4
giovinazzi,39,2,16:00:52,22.871,2021,4
hamilton,42,2,16:03:32,22.078,2021,4
mazepin,42,2,16:05:36,22.502,2021,4
ricciardo,46,2,16:09:49,21.762,2021,4
sainz,46,2,16:09:50,21.856,2021,4
gasly,47,2,16:11:47,26.065,2021,4
latifi,50,3,16:16:19,22.405,2021,4
hamilton,29,1,15:40:07,23.783,2021,5
norris,30,1,15:41:20,23.874,2021,5
gasly,30,1,15:41:23,24.428,2021,5
vettel,31,1,15:42:42,24.369,2021,5
russell,31,1,15:43:46,23.928,2021,5
sainz,32,1,15:43:47,24.150,2021,5
giovinazzi,33,1,15:45:42,24.521,2021,5
max_verstappen,34,1,15:46:10,23.746,2021,5
perez,35,1,15:47:44,24.548,2021,5
mazepin,34,1,15:48:25,25.202,2021,5
ricciardo,36,1,15:49:52,24.715,2021,5
ocon,37,1,15:50:48,23.935,2021,5
mick_schumacher,37,1,15:52:43,24.797,2021,5
raikkonen,43,1,15:58:41,24.077,2021,5
latifi,43,1,15:59:23,23.703,2021,5
alonso,45,1,16:01:34,23.803,2021,5
stroll,58,1,16:17:28,23.474,2021,5
tsunoda,64,1,16:26:09,24.430,2021,5
hamilton,67,2,16:28:48,24.244,2021,5
russell,1,1,16:06:06,19.970,2021,6
giovinazzi,2,1,16:07:56,20.402,2021,6
alonso,7,1,16:16:54,20.168,2021,6
norris,7,1,16:16:56,20.533,2021,6
mick_schumacher,8,1,16:19:00,22.440,2021,6
leclerc,9,1,16:20:20,19.836,2021,6
tsunoda,9,1,16:20:28,20.253,2021,6
latifi,9,1,16:20:47,22.149,2021,6
mazepin,9,1,16:20:57,21.759,2021,6
sainz,10,1,16:22:11,20.064,2021,6
hamilton,11,1,16:23:50,22.470,2021,6
gasly,11,1,16:23:55,20.156,2021,6
bottas,11,1,16:24:08,20.356,2021,6
ricciardo,11,1,16:24:12,20.082,2021,6
max_verstappen,12,1,16:25:37,19.769,2021,6
perez,13,1,16:27:25,21.874,2021,6
raikkonen,13,1,16:27:59,20.048,2021,6
vettel,18,1,16:36:33,19.841,2021,6
alonso,34,2,17:09:13,19.983,2021,6
giovinazzi,34,2,17:09:14,20.193,2021,6
russell,34,2,17:09:15,20.029,2021,6
mick_schumacher,34,2,17:09:16,1:09.761,2021,6
mazepin,34,2,17:11:01,21.958,2021,6
mick_schumacher,44,3,17:28:35,21.587,2021,6
mazepin,44,3,17:29:37,24.780,2021,6
perez,47,2,17:33:39,15.277,2021,6
hamilton,47,2,17:33:39,15.432,2021,6
vettel,47,2,17:33:42,14.945,2021,6
gasly,47,2,17:33:45,15.085,2021,6
leclerc,47,2,17:33:48,15.092,2021,6
leclerc,14,1,15:26:59,30.798,2021,7
tsunoda,15,1,15:28:52,30.226,2021,7
mick_schumacher,15,1,15:29:09,31.457,2021,7
ricciardo,16,1,15:30:21,29.951,2021,7
bottas,17,1,15:31:34,30.572,2021,7
sainz,17,1,15:32:00,30.534,2021,7
gasly,17,1,15:32:01,30.781,2021,7
russell,17,1,15:32:17,30.092,2021,7
max_verstappen,18,1,15:33:10,29.803,2021,7
alonso,18,1,15:33:49,31.288,2021,7
latifi,18,1,15:34:01,29.775,2021,7
hamilton,19,1,15:34:46,30.263,2021,7
perez,24,1,15:43:14,29.682,2021,7
norris,24,1,15:43:44,30.531,2021,7
ocon,28,1,15:50:47,30.207,2021,7
giovinazzi,28,1,15:50:48,30.586,2021,7
mazepin,31,1,15:56:17,30.983,2021,7
max_verstappen,32,2,15:56:20,30.123,2021,7
raikkonen,33,1,15:59:18,31.327,2021,7
stroll,34,1,16:00:37,30.996,2021,7
vettel,37,1,16:05:29,31.069,2021,7
leclerc,38,2,16:07:29,31.368,2021,7
leclerc,1,1,15:04:22,28.386,2021,8
latifi,1,1,15:04:58,26.419,2021,8
mazepin,21,1,15:28:40,22.759,2021,8
giovinazzi,23,1,15:30:50,21.210,2021,8
russell,25,1,15:33:03,37.309,2021,8
perez,26,1,15:33:46,23.477,2021,8
latifi,25,2,15:34:10,21.953,2021,8
tsunoda,26,1,15:34:15,21.234,2021,8
russell,26,2,15:34:49,46.315,2021,8
bottas,27,1,15:34:56,21.752,2021,8
alonso,27,1,15:35:25,21.131,2021,8
vettel,27,1,15:35:28,21.546,2021,8
hamilton,28,1,15:35:48,21.219,2021,8
stroll,28,1,15:36:35,20.936,2021,8
max_verstappen,29,1,15:36:53,20.936,2021,8
norris,31,1,15:39:53,21.692,2021,8
mick_schumacher,33,1,15:43:09,22.400,2021,8
raikkonen,36,1,15:46:10,21.227,2021,8
ocon,36,1,15:46:14,21.238,2021,8
leclerc,37,2,15:47:22,21.924,2021,8
sainz,41,1,15:51:48,21.226,2021,8
ricciardo,41,1,15:52:04,21.410,2021,8
perez,54,2,16:06:26,20.961,2021,8
hamilton,69,2,16:23:22,21.640,2021,8
giovinazzi,1,1,15:04:39,21.129,2021,9
tsunoda,12,1,15:18:55,21.145,2021,9
gasly,13,1,15:20:04,22.564,2021,9
stroll,14,1,15:21:20,21.391,2021,9
vettel,17,1,15:24:54,21.086,2021,9
mazepin,27,1,15:37:15,22.000,2021,9
ricciardo,29,1,15:38:55,21.151,2021,9
giovinazzi,29,2,15:39:18,27.122,2021,9
norris,30,1,15:39:39,26.474,2021,9
bottas,30,1,15:39:41,21.071,2021,9
russell,30,1,15:40:16,21.606,2021,9
hamilton,31,1,15:40:45,21.005,2021,9
max_verstappen,32,1,15:41:42,21.090,2021,9
perez,32,1,15:42:28,21.735,2021,9
alonso,32,1,15:42:41,22.663,2021,9
latifi,33,1,15:44:01,21.152,2021,9
leclerc,34,1,15:44:47,21.143,2021,9
mick_schumacher,34,1,15:45:26,21.798,2021,9
raikkonen,37,1,15:48:30,21.896,2021,9
gasly,45,2,15:57:48,20.850,2021,9
mazepin,45,2,15:58:58,23.182,2021,9
stroll,46,2,15:59:19,21.472,2021,9
sainz,48,1,16:01:07,21.431,2021,9
vettel,49,2,16:02:39,20.841,2021,9
tsunoda,51,2,16:04:57,26.604,2021,9
hamilton,53,2,16:06:32,21.421,2021,9
max_verstappen,60,2,16:14:03,21.236,2021,9
leclerc,2,1,15:07:57,34:07.731,2021,10
hamilton,2,1,15:08:00,34:08.376,2021,10
bottas,2,1,15:08:02,34:09.149,2021,10
norris,2,1,15:08:03,34:12.218,2021,10
ricciardo,2,1,15:08:05,34:11.281,2021,10
vettel,2,1,15:08:08,34:15.222,2021,10
alonso,2,1,15:08:10,34:18.580,2021,10
sainz,2,1,15:08:12,34:19.122,2021,10
raikkonen,2,1,15:08:14,34:22.984,2021,10
ocon,2,1,15:08:16,34:26.994,2021,10
stroll,2,1,15:08:18,34:27.861,2021,10
gasly,2,1,15:08:21,34:27.244,2021,10
giovinazzi,2,1,15:08:22,34:30.250,2021,10
russell,2,1,15:08:25,34:32.543,2021,10
tsunoda,2,1,15:08:28,34:35.695,2021,10
mick_schumacher,2,1,15:08:30,34:35.728,2021,10
latifi,2,1,15:08:32,34:37.164,2021,10
mazepin,2,1,15:08:35,34:36.977,2021,10
perez,2,1,15:08:37,34:36.405,2021,10
raikkonen,18,2,16:09:59,28.110,2021,10
perez,18,2,16:10:00,27.892,2021,10
russell,18,2,16:10:03,27.812,2021,10
vettel,18,2,16:10:08,28.145,2021,10
ocon,19,2,16:11:30,28.772,2021,10
latifi,19,2,16:11:41,27.543,2021,10
ricciardo,20,2,16:12:48,28.817,2021,10
norris,21,2,16:14:08,31.706,2021,10
bottas,22,2,16:15:42,28.209,2021,10
stroll,23,2,16:17:39,28.213,2021,10
giovinazzi,23,2,16:17:51,28.137,2021,10
max_verstappen,1,1,15:05:21,22.569,2021,11
mazepin,1,1,15:05:28,23.715,2021,11
norris,1,1,15:05:33,38.267,2021,11
giovinazzi,1,1,15:05:53,26.573,2021,11
hamilton,2,1,15:07:57,24:09.259,2021,11
ocon,2,1,15:07:59,24:10.190,2021,11
vettel,2,1,15:08:02,24:11.890,2021,11
sainz,2,1,15:08:04,24:12.527,2021,11
tsunoda,2,1,15:08:08,24:13.630,2021,11
latifi,2,1,15:08:10,24:14.435,2021,11
alonso,2,1,15:08:13,24:14.979,2021,11
russell,2,1,15:08:17,24:17.487,2021,11
raikkonen,2,1,15:08:20,24:17.844,2021,11
mick_schumacher,2,1,15:08:22,24:17.042,2021,11
gasly,2,1,15:08:25,24:17.615,2021,11
ricciardo,2,1,15:08:28,24:17.127,2021,11
max_verstappen,2,2,15:08:31,24:16.349,2021,11
mazepin,2,2,15:08:34,24:17.420,2021,11
giovinazzi,2,2,15:08:38,24:16.349,2021,11
ocon,3,2,15:34:31,39.522,2021,11
vettel,3,2,15:34:31,40.882,2021,11
sainz,3,2,15:34:32,42.786,2021,11
tsunoda,3,2,15:34:33,40.740,2021,11
latifi,3,2,15:34:34,39.081,2021,11
alonso,3,2,15:34:40,37.122,2021,11
raikkonen,3,2,15:34:41,35.451,2021,11
russell,3,2,15:34:41,29.374,2021,11
mick_schumacher,3,2,15:34:42,36.813,2021,11
gasly,3,2,15:34:43,39.839,2021,11
ricciardo,3,2,15:34:43,34.492,2021,11
mick_schumacher,4,1,15:08:42,35.573,2021,13
perez,8,1,15:13:52,19.287,2021,13
vettel,10,1,15:16:24,18.664,2021,13
hamilton,20,1,15:28:18,19.770,2021,13
max_verstappen,21,1,15:29:30,19.142,2021,13
latifi,23,1,15:33:19,20.646,2021,13
gasly,24,1,15:33:50,19.163,2021,13
giovinazzi,27,1,15:38:13,19.049,2021,13
russell,27,1,15:38:14,18.634,2021,13
stroll,27,1,15:38:17,19.389,2021,13
ricciardo,30,1,15:42:01,19.449,2021,13
bottas,31,1,15:42:24,18.873,2021,13
sainz,31,1,15:42:58,20.327,2021,13
ocon,31,1,15:43:12,19.240,2021,13
tsunoda,31,1,15:43:30,19.850,2021,13
mick_schumacher,30,2,15:43:39,24.578,2021,13
alonso,33,1,15:45:41,19.018,2021,13
giovinazzi,33,2,15:46:17,20.043,2021,13
mazepin,33,1,15:46:35,19.999,2021,13
leclerc,34,1,15:46:39,19.490,2021,13
hamilton,39,2,15:52:19,18.868,2021,13
max_verstappen,40,2,15:53:30,18.578,2021,13
kubica,40,1,15:55:29,19.708,2021,13
norris,42,1,15:57:26,20.443,2021,13
vettel,44,2,16:00:37,18.681,2021,13
perez,47,2,16:03:51,18.555,2021,13
bottas,67,2,16:27:35,21.730,2021,13
hamilton,70,3,16:30:49,19.202,2021,13
russell,68,2,16:30:57,25.533,2021,13
giovinazzi,1,1,15:05:21,37.190,2021,14
ricciardo,22,1,15:35:18,23.812,2021,14
vettel,22,1,15:35:56,25.157,2021,14
max_verstappen,23,1,15:36:46,32.456,2021,14
latifi,23,1,15:37:22,24.168,2021,14
mick_schumacher,23,1,15:37:49,24.714,2021,14
norris,24,1,15:38:19,24.168,2021,14
mazepin,24,1,15:39:22,24.928,2021,14
hamilton,25,1,15:39:44,25.619,2021,14
stroll,25,1,15:40:09,24.846,2021,14
alonso,25,1,15:40:14,24.797,2021,14
giovinazzi,25,2,15:40:55,30.551,2021,14
leclerc,26,1,15:41:30,24.557,2021,14
perez,26,1,15:41:34,23.906,2021,14
sainz,26,1,15:41:48,24.283,2021,14
bottas,26,1,15:41:50,24.308,2021,14
ocon,26,1,15:42:10,30.333,2021,14
russell,26,1,15:42:13,24.156,2021,14
kubica,26,1,15:42:21,24.501,2021,14
vettel,26,2,15:42:41,25.927,2021,14
mazepin,28,2,15:47:13,24.806,2021,14
mazepin,39,3,16:05:25,30.917,2021,14
stroll,12,1,15:24:13,30.241,2021,15
russell,13,1,15:25:55,30.665,2021,15
latifi,13,1,15:26:27,30.056,2021,15
tsunoda,13,1,15:26:28,30.112,2021,15
sainz,14,1,15:27:33,30.715,2021,15
mazepin,14,1,15:28:09,30.127,2021,15
ocon,15,1,15:29:27,29.901,2021,15
raikkonen,15,1,15:29:28,30.102,2021,15
mick_schumacher,20,1,15:38:36,29.996,2021,15
ricciardo,22,1,15:41:11,33.617,2021,15
hamilton,26,1,15:47:52,29.878,2021,15
max_verstappen,26,1,15:47:58,29.578,2021,15
vettel,26,1,15:48:09,29.242,2021,15
norris,28,1,15:51:03,29.824,2021,15
bottas,28,1,15:51:35,29.936,2021,15
gasly,33,1,16:00:00,29.354,2021,15
leclerc,35,1,16:03:07,31.849,2021,15
perez,36,1,16:04:32,36.026,2021,15
alonso,36,1,16:04:40,30.157,2021,15
giovinazzi,36,1,16:05:27,30.081,2021,15
russell,47,2,16:23:56,32.081,2021,15
bottas,47,2,16:23:58,29.569,2021,15
raikkonen,47,2,16:23:59,30.131,2021,15
mazepin,46,2,16:24:05,33.931,2021,15
tsunoda,47,2,16:24:44,30.980,2021,15
max_verstappen,48,2,16:25:32,31.017,2021,15
sainz,48,2,16:25:33,30.677,2021,15
ricciardo,48,2,16:25:35,31.016,2021,15
stroll,48,2,16:26:01,43.124,2021,15
hamilton,49,2,16:26:32,30.045,2021,15
ricciardo,21,1,15:37:18,23.028,2021,16
alonso,30,1,15:51:43,29.116,2021,16
norris,34,1,15:57:20,23.239,2021,16
latifi,34,1,15:58:22,24.104,2021,16
tsunoda,35,1,15:59:39,23.329,2021,16
russell,35,1,15:59:42,23.551,2021,16
max_verstappen,36,1,15:59:52,22.442,2021,16
sainz,36,1,16:00:33,28.353,2021,16
mazepin,35,1,16:00:40,23.829,2021,16
vettel,36,1,16:00:56,23.500,2021,16
bottas,37,1,16:01:20,22.962,2021,16
perez,37,1,16:01:47,22.463,2021,16
raikkonen,37,1,16:02:50,23.164,2021,16
vettel,37,2,16:03:36,23.514,2021,16
gasly,39,1,16:05:01,29.310,2021,16
stroll,39,1,16:05:17,35.509,2021,16
mick_schumacher,39,1,16:07:05,23.892,2021,16
giovinazzi,40,1,16:07:22,23.150,2021,16
leclerc,47,1,16:17:27,23.646,2021,16
hamilton,50,1,16:22:19,22.684,2021,16
mazepin,1,1,14:05:35,30.673,2021,17
ocon,3,1,14:09:03,40.800,2021,17
latifi,5,1,14:12:39,32.610,2021,17
alonso,7,1,14:16:03,23.576,2021,17
giovinazzi,8,1,14:17:44,23.993,2021,17
tsunoda,9,1,14:19:23,23.802,2021,17
russell,9,1,14:19:32,23.572,2021,17
max_verstappen,10,1,14:20:36,23.727,2021,17
norris,10,1,14:21:01,24.385,2021,17
gasly,10,1,14:21:07,23.745,2021,17
ricciardo,11,1,14:22:38,24.176,2021,17
sainz,11,1,14:22:41,23.414,2021,17
mick_schumacher,11,1,14:23:10,24.293,2021,17
perez,12,1,14:24:06,25.018,2021,17
leclerc,12,1,14:24:15,24.011,2021,17
raikkonen,12,1,14:24:38,24.191,2021,17
hamilton,13,1,14:25:41,24.481,2021,17
bottas,15,1,14:29:44,24.444,2021,17
vettel,17,1,14:33:24,24.977,2021,17
stroll,18,1,14:35:13,23.827,2021,17
mazepin,24,2,14:46:40,24.611,2021,17
latifi,25,2,14:47:47,23.653,2021,17
ocon,25,2,14:47:50,23.919,2021,17
giovinazzi,26,2,14:49:12,23.502,2021,17
alonso,28,2,14:52:44,23.844,2021,17
max_verstappen,29,2,14:52:59,24.052,2021,17
sainz,29,2,14:53:43,26.866,2021,17
perez,30,2,14:55:02,23.604,2021,17
ricciardo,30,2,14:55:23,24.036,2021,17
norris,30,2,14:55:31,25.548,2021,17
ricciardo,1,1,13:05:11,38.128,2021,18
bottas,1,1,13:05:16,22.463,2021,18
latifi,11,1,13:21:22,23.681,2021,18
stroll,12,1,13:22:45,23.586,2021,18
mazepin,13,1,13:24:11,25.094,2021,18
ocon,14,1,13:25:30,23.100,2021,18
russell,15,1,13:26:51,21.984,2021,18
giovinazzi,16,1,13:28:00,22.205,2021,18
hamilton,29,1,13:45:17,22.373,2021,18
leclerc,30,1,13:47:01,22.085,2021,18
gasly,31,1,13:48:20,22.549,2021,18
raikkonen,32,1,13:50:02,22.424,2021,18
max_verstappen,33,1,13:50:33,21.908,2021,18
vettel,33,1,13:51:22,22.277,2021,18
stroll,34,2,13:53:37,26.056,2021,18
ricciardo,38,2,13:58:47,22.813,2021,18
alonso,39,1,13:59:43,23.985,2021,18
perez,40,1,14:00:14,22.114,2021,18
bottas,40,2,14:01:30,31.664,2021,18
sainz,42,1,14:03:25,22.031,2021,18
norris,44,1,14:06:38,22.534,2021,18
latifi,49,2,14:14:59,22.739,2021,18
mazepin,58,2,14:28:22,23.637,2021,18
bottas,63,3,14:33:17,22.680,2021,18
bottas,67,4,14:39:06,26.443,2021,18
norris,1,1,14:04:50,27.313,2021,19
tsunoda,4,1,14:08:22,31.939,2021,19
russell,6,1,14:11:08,22.978,2021,19
tsunoda,6,2,14:11:57,17.758,2021,19
norris,6,2,14:12:08,17.719,2021,19
max_verstappen,7,1,14:12:32,17.916,2021,19
perez,7,1,14:12:34,18.308,2021,19
hamilton,7,1,14:12:37,17.910,2021,19
bottas,7,1,14:12:38,17.899,2021,19
leclerc,7,1,14:12:40,17.943,2021,19
sainz,7,1,14:12:42,18.460,2021,19
vettel,7,1,14:12:43,18.107,2021,19
gasly,7,1,14:12:45,19.439,2021,19
ocon,7,1,14:12:46,19.285,2021,19
ricciardo,7,1,14:12:47,19.732,2021,19
alonso,7,1,14:12:52,17.751,2021,19
stroll,7,1,14:12:53,17.948,2021,19
giovinazzi,7,1,14:12:55,17.713,2021,19
mazepin,7,1,14:12:56,17.995,2021,19
mick_schumacher,7,1,14:12:57,17.861,2021,19
latifi,7,1,14:12:59,18.153,2021,19
raikkonen,7,1,14:13:01,18.327,2021,19
russell,7,2,14:13:02,20.844,2021,19
tsunoda,7,3,14:13:33,17.711,2021,19
norris,7,3,14:13:44,17.673,2021,19
max_verstappen,8,2,14:14:46,17.807,2021,19
perez,8,2,14:14:48,18.136,2021,19
hamilton,8,2,14:14:49,18.660,2021,19
bottas,8,2,14:14:50,17.837,2021,19
leclerc,8,2,14:14:52,17.771,2021,19
tsunoda,9,1,17:17:42,25.659,2021,20
raikkonen,10,1,17:19:14,26.174,2021,20
gasly,13,1,17:23:37,25.630,2021,20
giovinazzi,15,1,17:26:54,25.987,2021,20
max_verstappen,17,1,17:29:03,25.300,2021,20
russell,17,1,17:30:00,26.121,2021,20
hamilton,18,1,17:30:21,25.235,2021,20
latifi,18,1,17:31:31,25.811,2021,20
perez,19,1,17:32:28,25.419,2021,20
mick_schumacher,22,1,17:37:38,25.881,2021,20
alonso,23,1,17:38:20,25.991,2021,20
stroll,23,1,17:38:40,26.157,2021,20
ocon,24,1,17:40:07,25.517,2021,20
norris,25,1,17:41:32,25.319,2021,20
ricciardo,26,1,17:43:19,25.562,2021,20
vettel,26,1,17:43:20,25.726,2021,20
sainz,27,1,17:44:36,25.639,2021,20
leclerc,27,1,17:44:46,25.799,2021,20
raikkonen,30,2,17:49:40,25.633,2021,20
mazepin,31,1,17:51:36,26.515,2021,20
giovinazzi,32,2,17:52:43,25.347,2021,20
bottas,33,1,17:53:44,36.341,2021,20
tsunoda,34,2,17:55:29,26.674,2021,20
gasly,35,2,17:56:42,26.109,2021,20
max_verstappen,41,2,18:04:20,25.175,2021,20
perez,41,2,18:05:15,25.420,2021,20
hamilton,42,2,18:05:37,25.381,2021,20
norris,49,2,18:17:08,26.552,2021,20
russell,49,2,18:18:36,35.006,2021,20
max_verstappen,55,3,18:24:59,25.465,2021,20
stroll,9,1,20:48:30,27.165,2021,21
russell,9,1,20:48:32,20.519,2021,21
hamilton,10,1,20:49:49,20.580,2021,21
bottas,10,1,20:49:57,21.668,2021,21
leclerc,10,1,20:50:01,20.531,2021,21
perez,10,1,20:50:04,20.710,2021,21
norris,10,1,20:50:14,20.973,2021,21
alonso,10,1,20:50:27,20.405,2021,21
latifi,10,1,20:50:43,24.220,2021,21
max_verstappen,13,1,20:58:28,16:36.375,2021,21
hamilton,13,2,20:58:32,16:35.856,2021,21
bottas,13,2,20:58:35,16:35.942,2021,21
ocon,13,1,20:58:37,16:37.126,2021,21
ricciardo,13,1,20:58:41,16:37.029,2021,21
leclerc,13,2,20:58:42,16:39.485,2021,21
gasly,13,1,20:58:44,16:41.775,2021,21
perez,13,2,20:58:46,16:42.619,2021,21
sainz,13,1,20:58:47,16:44.618,2021,21
giovinazzi,13,1,20:58:49,16:44.917,2021,21
tsunoda,13,1,20:58:51,16:46.407,2021,21
raikkonen,13,1,20:58:54,16:48.569,2021,21
vettel,13,1,20:58:56,16:52.304,2021,21
norris,13,2,20:58:57,16:57.303,2021,21
alonso,13,2,20:59:01,16:59.850,2021,21
mazepin,13,1,20:59:05,16:59.226,2021,21
russell,13,2,20:59:08,17:01.615,2021,21
stroll,13,2,20:59:12,17:00.939,2021,21
latifi,13,2,20:59:20,16:57.257,2021,21
max_verstappen,15,2,21:21:56,18:07.591,2021,21
ocon,15,2,21:21:58,18:08.290,2021,21
mick_schumacher,10,1,17:18:55,22.124,2021,22
max_verstappen,13,1,17:22:42,21.152,2021,22
hamilton,14,1,17:24:04,21.595,2021,22
leclerc,15,1,17:26:08,22.461,2021,22
ocon,15,1,17:26:13,21.677,2021,22
norris,17,1,17:29:04,21.380,2021,22
giovinazzi,17,1,17:29:20,22.283,2021,22
ricciardo,18,1,17:30:47,21.449,2021,22
sainz,19,1,17:31:59,22.213,2021,22
perez,21,1,17:34:55,21.471,2021,22
stroll,21,1,17:35:25,22.288,2021,22
raikkonen,21,1,17:35:29,22.338,2021,22
tsunoda,23,1,17:38:05,22.455,2021,22
vettel,23,1,17:38:23,21.221,2021,22
latifi,28,1,17:46:18,21.241,2021,22
bottas,30,1,17:48:30,21.669,2021,22
leclerc,35,2,17:56:24,21.173,2021,22
max_verstappen,36,2,17:57:06,21.871,2021,22
perez,36,2,17:57:40,21.413,2021,22
alonso,36,1,17:58:06,21.304,2021,22
gasly,36,1,17:58:06,22.133,2021,22
norris,48,2,18:16:06,22.173,2021,22
max_verstappen,53,3,18:22:37,21.453,2021,22
ricciardo,52,2,18:22:38,22.056,2021,22
stroll,52,2,18:22:55,22.661,2021,22
perez,53,3,18:23:09,21.385,2021,22
mick_schumacher,52,2,18:23:42,22.070,2021,22
tsunoda,53,2,18:24:01,21.909,2021,22
gasly,54,2,18:25:56,21.920,2021,22
hamilton,11,1,18:21:54,25.201,2022,1
alonso,11,1,18:22:10,25.365,2022,1
mick_schumacher,12,1,18:24:08,25.214,2022,1
albon,13,1,18:25:47,24.874,2022,1
max_verstappen,14,1,18:26:43,24.897,2022,1
sainz,14,1,18:26:50,24.666,2022,1
kevin_magnussen,14,1,18:27:07,25.478,2022,1
gasly,14,1,18:27:08,24.575,2022,1
ocon,14,1,18:27:11,30.484,2022,1
bottas,14,1,18:27:19,25.893,2022,1
latifi,14,1,18:27:38,24.457,2022,1
leclerc,15,1,18:28:19,25.012,2022,1
perez,15,1,18:28:32,25.046,2022,1
russell,15,1,18:28:38,25.888,2022,1
tsunoda,15,1,18:28:57,26.095,2022,1
zhou,15,1,18:29:03,25.428,2022,1
ricciardo,17,1,18:32:46,24.915,2022,1
stroll,18,1,18:34:18,25.739,2022,1
hulkenberg,19,1,18:36:11,27.365,2022,1
norris,24,1,18:44:41,24.568,2022,1
alonso,25,2,18:45:53,24.909,2022,1
hamilton,27,2,18:48:44,25.796,2022,1
tsunoda,29,2,18:52:37,24.350,2022,1
max_verstappen,30,2,18:53:16,24.937,2022,1
ocon,30,2,18:54:12,25.393,2022,1
leclerc,31,2,18:54:52,24.527,2022,1
gasly,32,2,18:57:23,25.875,2022,1
latifi,32,2,18:58:19,24.778,2022,1
sainz,33,2,18:58:21,24.438,2022,1
perez,33,2,18:58:23,24.173,2022,1
ricciardo,8,1,20:16:37,20.650,2022,2
stroll,13,1,20:24:49,22.339,2022,2
albon,13,1,20:24:54,20.683,2022,2
perez,15,1,20:27:12,20.481,2022,2
gasly,15,1,20:27:52,22.820,2022,2
leclerc,16,1,20:28:55,21.038,2022,2
max_verstappen,16,1,20:28:58,20.731,2022,2
sainz,16,1,20:29:04,21.521,2022,2
russell,16,1,20:29:21,21.415,2022,2
alonso,16,1,20:29:40,21.543,2022,2
bottas,16,1,20:29:43,22.561,2022,2
ocon,16,1,20:29:50,21.141,2022,2
norris,16,1,20:29:54,20.383,2022,2
zhou,16,1,20:29:56,33.734,2022,2
zhou,27,2,20:51:18,15.103,2022,2
bottas,35,2,21:03:48,22.710,2022,2
kevin_magnussen,37,1,21:06:57,22.374,2022,2
hulkenberg,37,1,21:07:16,21.425,2022,2
hamilton,40,1,21:12:59,21.788,2022,2
stroll,3,1,15:08:15,18.242,2022,3
stroll,4,2,15:10:29,18.560,2022,3
latifi,13,1,15:25:03,18.552,2022,3
mick_schumacher,14,1,15:26:23,19.039,2022,3
ocon,17,1,15:30:30,19.128,2022,3
max_verstappen,18,1,15:31:37,18.281,2022,3
tsunoda,18,1,15:32:02,18.443,2022,3
perez,20,1,15:34:33,17.434,2022,3
norris,20,1,15:34:40,17.556,2022,3
ricciardo,21,1,15:36:06,18.150,2022,3
gasly,21,1,15:36:15,18.926,2022,3
zhou,21,1,15:36:22,18.380,2022,3
leclerc,22,1,15:37:04,17.973,2022,3
hamilton,22,1,15:37:22,17.877,2022,3
bottas,22,1,15:37:40,18.413,2022,3
russell,23,1,15:38:51,18.479,2022,3
stroll,23,3,15:39:30,20.402,2022,3
latifi,23,2,15:40:00,17.936,2022,3
alonso,39,1,16:05:24,18.796,2022,3
kevin_magnussen,39,1,16:05:30,19.111,2022,3
alonso,53,2,16:25:28,18.394,2022,3
albon,57,1,16:30:33,19.845,2022,3
ricciardo,2,1,15:07:48,32.362,2022,4
ricciardo,16,2,15:31:14,30.422,2022,4
vettel,17,1,15:32:26,30.484,2022,4
gasly,17,1,15:32:38,30.405,2022,4
albon,17,1,15:32:41,30.793,2022,4
perez,18,1,15:33:26,30.366,2022,4
russell,18,1,15:33:46,31.079,2022,4
bottas,18,1,15:33:47,40.957,2022,4
kevin_magnussen,18,1,15:33:56,33.765,2022,4
tsunoda,18,1,15:34:06,30.372,2022,4
stroll,18,1,15:34:06,32.667,2022,4
hamilton,18,1,15:34:07,32.740,2022,4
ocon,18,1,15:34:08,31.409,2022,4
latifi,18,1,15:34:17,31.125,2022,4
zhou,18,1,15:34:18,32.203,2022,4
mick_schumacher,18,1,15:34:18,31.320,2022,4
max_verstappen,19,1,15:34:49,30.001,2022,4
leclerc,19,1,15:34:56,31.794,2022,4
norris,19,1,15:35:07,30.070,2022,4
ricciardo,30,3,15:51:37,30.155,2022,4
leclerc,49,2,16:16:19,30.042,2022,4
perez,50,2,16:17:38,29.627,2022,4
max_verstappen,51,2,16:18:44,29.942,2022,4
mick_schumacher,52,2,16:22:04,30.984,2022,4
leclerc,53,3,16:22:17,36.560,2022,4
tsunoda,11,1,15:51:11,18.870,2022,5
kevin_magnussen,12,1,15:52:43,19.760,2022,5
mick_schumacher,14,1,15:55:54,20.413,2022,5
alonso,15,1,15:57:23,21.638,2022,5
gasly,16,1,15:58:56,19.543,2022,5
albon,16,1,15:59:11,20.059,2022,5
norris,18,1,16:02:13,19.986,2022,5
hamilton,22,1,16:08:23,18.820,2022,5
leclerc,24,1,16:11:03,19.697,2022,5
max_verstappen,26,1,16:14:04,18.798,2022,5
bottas,26,1,16:14:35,19.614,2022,5
sainz,27,1,16:15:51,22.063,2022,5
perez,27,1,16:16:00,18.519,2022,5
ricciardo,30,1,16:21:25,19.484,2022,5
latifi,34,1,16:28:20,19.185,2022,5
russell,40,1,16:36:53,19.035,2022,5
stroll,40,1,16:37:28,19.074,2022,5
gasly,40,2,16:37:43,19.007,2022,5
perez,41,2,16:38:38,18.433,2022,5
ocon,41,1,16:39:21,19.019,2022,5
vettel,41,1,16:39:42,19.861,2022,5
ricciardo,41,2,16:39:49,19.280,2022,5
tsunoda,41,2,16:40:43,19.618,2022,5
kevin_magnussen,42,2,16:41:34,20.673,2022,5
mick_schumacher,54,2,17:03:43,32.381,2022,5
hamilton,1,1,15:05:05,31.054,2022,6
kevin_magnussen,1,1,15:05:25,29.632,2022,6
sainz,10,1,15:18:23,22.341,2022,6
alonso,10,1,15:18:24,22.375,2022,6
gasly,10,1,15:18:27,22.008,2022,6
zhou,10,1,15:18:29,23.109,2022,6
tsunoda,11,1,15:19:52,23.083,2022,6
ricciardo,11,1,15:19:54,22.124,2022,6
albon,11,1,15:20:05,23.419,2022,6
norris,12,1,15:21:18,21.916,2022,6
mick_schumacher,12,1,15:21:23,23.582,2022,6
latifi,12,1,15:21:38,23.189,2022,6
russell,13,1,15:22:29,22.154,2022,6
max_verstappen,13,1,15:22:30,22.173,2022,6
ocon,13,1,15:22:43,22.137,2022,6
bottas,14,1,15:24:08,22.987,2022,6
stroll,14,1,15:24:34,22.833,2022,6
perez,17,1,15:28:29,22.032,2022,6
leclerc,21,1,15:34:08,21.794,2022,6
vettel,21,1,15:35:06,22.536,2022,6
hamilton,22,2,15:36:50,22.105,2022,6
albon,25,2,15:41:42,22.657,2022,6
latifi,26,2,15:43:09,22.311,2022,6
stroll,27,2,15:44:33,23.394,2022,6
max_verstappen,28,2,15:44:56,21.966,2022,6
gasly,29,2,15:47:23,27.947,2022,6
kevin_magnussen,29,2,15:47:59,23.878,2022,6
mick_schumacher,30,2,15:48:45,23.127,2022,6
sainz,31,2,15:49:46,21.867,2022,6
alonso,31,2,15:50:10,21.914,2022,6
stroll,1,1,16:07:59,26.731,2022,7
latifi,1,1,16:08:10,36.773,2022,7
gasly,2,1,16:10:02,35.486,2022,7
stroll,2,2,16:10:09,32.750,2022,7
latifi,2,2,16:10:20,36.351,2022,7
mick_schumacher,4,1,16:13:36,27.637,2022,7
vettel,6,1,16:16:58,24.965,2022,7
tsunoda,6,1,16:17:00,25.068,2022,7
hamilton,15,1,16:31:22,24.796,2022,7
perez,16,1,16:32:29,24.409,2022,7
norris,17,1,16:34:17,24.872,2022,7
mick_schumacher,17,2,16:35:15,36.854,2022,7
leclerc,18,1,16:35:26,25.710,2022,7
max_verstappen,18,1,16:35:33,27.009,2022,7
albon,18,1,16:36:49,27.231,2022,7
ricciardo,19,1,16:38:22,26.056,2022,7
zhou,19,1,16:38:23,25.594,2022,7
latifi,19,3,16:38:26,26.910,2022,7
bottas,20,1,16:39:34,25.865,2022,7
sainz,21,1,16:40:05,24.666,2022,7
leclerc,21,2,16:40:08,28.034,2022,7
russell,21,1,16:40:29,25.352,2022,7
alonso,21,1,16:40:33,24.526,2022,7
ocon,21,1,16:40:50,24.875,2022,7
tsunoda,21,2,16:41:30,26.021,2022,7
perez,22,2,16:41:35,24.536,2022,7
max_verstappen,22,2,16:41:38,26.930,2022,7
norris,22,2,16:41:58,24.760,2022,7
hamilton,22,2,16:42:19,24.507,2022,7
gasly,22,2,16:42:42,28.770,2022,7
latifi,3,1,15:09:50,29.395,2022,8
leclerc,9,1,15:20:26,23.212,2022,8
russell,9,1,15:20:43,20.538,2022,8
gasly,9,1,15:20:49,22.698,2022,8
hamilton,9,1,15:20:54,21.470,2022,8
vettel,9,1,15:20:55,20.249,2022,8
tsunoda,9,1,15:20:57,23.083,2022,8
zhou,9,1,15:21:08,23.001,2022,8
kevin_magnussen,9,1,15:21:11,21.555,2022,8
albon,9,1,15:21:16,25.577,2022,8
mick_schumacher,9,1,15:21:23,26.973,2022,8
perez,16,1,15:33:43,23.379,2022,8
latifi,17,2,15:37:03,22.069,2022,8
max_verstappen,18,1,15:37:17,21.468,2022,8
alonso,18,1,15:37:59,20.571,2022,8
norris,20,1,15:41:42,21.443,2022,8
mick_schumacher,23,2,15:47:51,22.231,2022,8
albon,29,2,15:58:39,21.540,2022,8
stroll,30,1,16:00:30,22.059,2022,8
max_verstappen,33,2,16:04:40,20.722,2022,8
perez,33,2,16:04:56,22.349,2022,8
russell,33,2,16:05:19,20.527,2022,8
hamilton,33,2,16:05:49,20.831,2022,8
ricciardo,33,1,16:06:02,21.794,2022,8
ocon,33,1,16:06:22,22.638,2022,8
bottas,33,1,16:06:34,20.979,2022,8
tsunoda,38,2,16:15:56,41.500,2022,8
vettel,5,1,14:10:02,23.406,2022,9
gasly,5,1,14:10:04,23.557,2022,9
kevin_magnussen,7,1,14:12:33,38.262,2022,9
max_verstappen,9,1,14:15:15,24.217,2022,9
hamilton,9,1,14:15:24,23.845,2022,9
tsunoda,9,1,14:15:50,23.248,2022,9
latifi,9,1,14:15:59,24.020,2022,9
albon,18,1,14:28:07,23.804,2022,9
russell,19,1,14:29:03,23.951,2022,9
ocon,19,1,14:29:16,25.684,2022,9
zhou,19,1,14:29:24,24.281,2022,9
ricciardo,19,1,14:29:26,27.937,2022,9
norris,19,1,14:29:34,43.032,2022,9
vettel,19,2,14:29:44,23.681,2022,9
sainz,20,1,14:30:33,24.215,2022,9
alonso,28,1,14:41:26,23.779,2022,9
gasly,36,2,14:52:35,23.613,2022,9
latifi,37,2,14:54:22,30.034,2022,9
leclerc,41,1,14:58:44,26.199,2022,9
max_verstappen,43,2,15:00:29,23.704,2022,9
norris,42,2,15:00:41,24.134,2022,9
hamilton,44,2,15:02:06,23.841,2022,9
russell,45,2,15:03:30,24.069,2022,9
stroll,47,1,15:06:55,25.252,2022,9
tsunoda,47,2,15:07:00,23.450,2022,9
sainz,49,2,15:08:24,24.881,2022,9
albon,48,2,15:08:45,23.530,2022,9
ocon,49,2,15:09:34,23.945,2022,9
alonso,49,2,15:09:42,25.139,2022,9
bottas,49,1,15:09:50,26.089,2022,9
max_verstappen,1,1,15:05:31,50:37.323,2022,10
sainz,1,1,15:05:33,50:31.752,2022,10
hamilton,1,1,15:05:36,50:46.888,2022,10
leclerc,1,1,15:05:37,50:36.360,2022,10
alonso,1,1,15:05:41,50:55.700,2022,10
perez,1,1,15:05:43,50:34.772,2022,10
norris,1,1,15:05:46,50:43.215,2022,10
latifi,1,1,15:05:48,50:51.904,2022,10
bottas,1,1,15:05:50,50:55.732,2022,10
ricciardo,1,1,15:05:52,51:03.314,2022,10
gasly,1,1,15:05:55,50:48.950,2022,10
kevin_magnussen,1,1,15:05:57,51:03.613,2022,10
vettel,1,1,15:06:00,51:07.301,2022,10
stroll,1,1,15:06:02,51:09.017,2022,10
mick_schumacher,1,1,15:06:04,51:05.174,2022,10
tsunoda,1,1,15:06:40,50:11.861,2022,10
ocon,1,1,15:07:49,49:10.760,2022,10
perez,5,2,16:04:31,37.302,2022,10
vettel,6,2,16:06:13,29.846,2022,10
max_verstappen,12,2,16:15:21,29.395,2022,10
stroll,15,2,16:20:37,28.632,2022,10
gasly,16,2,16:22:13,29.632,2022,10
tsunoda,18,2,16:25:31,34.759,2022,10
latifi,19,2,16:26:52,28.829,2022,10
mick_schumacher,19,2,16:26:53,29.147,2022,10
sainz,20,2,16:27:47,28.574,2022,10
ricciardo,20,2,16:28:29,30.262,2022,10
ocon,22,2,16:31:35,30.342,2022,10
kevin_magnussen,22,2,16:31:40,29.473,2022,10
max_verstappen,23,3,16:33:05,29.296,2022,10
perez,1,1,15:05:03,23.681,2022,11
bottas,6,1,15:10:38,24.677,2022,11
russell,11,1,15:16:24,38.201,2022,11
albon,11,1,15:16:33,22.301,2022,11
ricciardo,12,1,15:17:44,21.356,2022,11
gasly,12,1,15:17:45,22.724,2022,11
latifi,12,1,15:17:50,21.722,2022,11
max_verstappen,13,1,15:18:34,22.022,2022,11
norris,14,1,15:20:05,22.684,2022,11
kevin_magnussen,15,1,15:21:15,22.205,2022,11
ocon,16,1,15:22:24,21.755,2022,11
mick_schumacher,16,1,15:22:28,22.120,2022,11
vettel,20,1,15:27:30,22.112,2022,11
zhou,24,1,15:32:20,22.704,2022,11
leclerc,26,1,15:33:54,21.532,2022,11
tsunoda,26,1,15:34:42,21.749,2022,11
sainz,27,1,15:35:10,21.212,2022,11
alonso,27,1,15:35:56,21.552,2022,11
hamilton,28,1,15:36:38,23.026,2022,11
stroll,29,1,15:38:12,21.431,2022,11
latifi,35,2,15:45:51,21.206,2022,11
max_verstappen,36,2,15:45:57,21.444,2022,11
bottas,39,2,15:50:27,22.278,2022,11
russell,40,2,15:51:25,21.731,2022,11
gasly,40,2,15:51:40,27.610,2022,11
kevin_magnussen,41,2,15:52:37,22.088,2022,11
albon,41,2,15:52:47,22.122,2022,11
mick_schumacher,43,2,15:54:56,22.880,2022,11
norris,43,2,15:55:00,27.324,2022,11
ocon,44,2,15:56:05,22.109,2022,11
kevin_magnussen,8,1,15:17:07,36.779,2022,12
mick_schumacher,9,1,15:18:50,36.704,2022,12
zhou,9,1,15:18:55,36.444,2022,12
tsunoda,11,1,15:22:23,37.648,2022,12
max_verstappen,16,1,15:29:58,35.266,2022,12
hamilton,18,1,15:33:29,37.189,2022,12
perez,18,1,15:33:34,38.061,2022,12
russell,18,1,15:33:35,38.277,2022,12
alonso,18,1,15:33:47,36.524,2022,12
norris,18,1,15:33:55,37.539,2022,12
ocon,18,1,15:34:00,44.747,2022,12
sainz,18,1,15:34:02,41.458,2022,12
ricciardo,18,1,15:34:05,36.264,2022,12
stroll,18,1,15:34:07,39.844,2022,12
albon,18,1,15:34:13,37.380,2022,12
gasly,18,1,15:34:17,35.969,2022,12
bottas,18,1,15:34:25,37.855,2022,12
kevin_magnussen,18,2,15:34:37,36.403,2022,12
mick_schumacher,18,2,15:34:48,37.003,2022,12
vettel,19,1,15:36:34,36.671,2022,12
latifi,19,1,15:36:38,37.497,2022,12
zhou,22,2,15:42:44,50.790,2022,12
bottas,36,2,16:05:53,36.520,2022,12
latifi,38,2,16:09:37,36.942,2022,12
sainz,42,2,16:15:12,42.292,2022,12
albon,2,1,15:06:40,31.224,2022,13
kevin_magnussen,6,1,15:12:24,29.641,2022,13
tsunoda,13,1,15:22:33,21.577,2022,13
norris,14,1,15:23:43,23.567,2022,13
stroll,14,1,15:23:56,21.779,2022,13
ricciardo,15,1,15:25:20,21.558,2022,13
vettel,15,1,15:25:23,21.402,2022,13
russell,16,1,15:26:14,22.763,2022,13
max_verstappen,16,1,15:26:25,21.351,2022,13
gasly,16,1,15:26:55,21.675,2022,13
sainz,17,1,15:27:39,22.820,2022,13
perez,18,1,15:29:20,21.118,2022,13
latifi,18,1,15:29:51,21.865,2022,13
hamilton,19,1,15:30:39,21.699,2022,13
leclerc,21,1,15:33:16,21.775,2022,13
alonso,21,1,15:33:45,22.083,2022,13
mick_schumacher,21,1,15:33:58,22.953,2022,13
albon,21,2,15:34:22,21.816,2022,13
ocon,23,1,15:36:35,23.581,2022,13
bottas,26,1,15:41:08,22.272,2022,13
zhou,27,1,15:42:36,22.321,2022,13
tsunoda,33,2,15:51:30,22.016,2022,13
kevin_magnussen,35,2,15:54:34,23.210,2022,13
max_verstappen,38,2,15:57:25,21.228,2022,13
leclerc,39,2,15:58:41,21.972,2022,13
russell,39,2,15:58:47,21.743,2022,13
latifi,39,2,16:00:11,22.452,2022,13
albon,40,3,16:01:49,24.298,2022,13
mick_schumacher,41,2,16:03:01,22.566,2022,13
perez,42,2,16:03:23,21.167,2022,13
leclerc,3,1,15:11:12,24.198,2022,14
latifi,3,1,15:11:25,35.825,2022,14
albon,10,1,15:25:41,23.334,2022,14
gasly,10,1,15:25:49,22.857,2022,14
sainz,11,1,15:27:20,22.543,2022,14
alonso,11,1,15:27:31,22.641,2022,14
kevin_magnussen,11,1,15:27:45,26.815,2022,14
ricciardo,12,1,15:29:33,23.085,2022,14
ocon,12,1,15:29:35,23.511,2022,14
russell,13,1,15:31:15,22.825,2022,14
norris,13,1,15:31:34,23.036,2022,14
perez,14,1,15:33:07,22.349,2022,14
vettel,14,1,15:33:20,23.222,2022,14
zhou,14,1,15:33:31,23.744,2022,14
mick_schumacher,14,1,15:33:42,24.158,2022,14
max_verstappen,15,1,15:34:57,22.882,2022,14
stroll,15,1,15:35:24,23.555,2022,14
latifi,15,2,15:35:37,24.168,2022,14
tsunoda,18,1,15:41:15,30.055,2022,14
gasly,22,2,15:49:05,22.542,2022,14
sainz,25,2,15:54:09,22.750,2022,14
leclerc,25,2,15:54:29,23.189,2022,14
alonso,25,2,15:54:38,23.954,2022,14
albon,26,2,15:56:46,24.415,2022,14
stroll,26,2,15:56:48,23.349,2022,14
perez,27,2,15:57:52,22.650,2022,14
kevin_magnussen,27,2,15:58:52,23.396,2022,14
zhou,28,2,16:00:41,23.364,2022,14
russell,29,2,16:01:48,22.977,2022,14
norris,29,2,16:02:33,23.560,2022,14
vettel,9,1,15:14:56,22.391,2022,15
gasly,11,1,15:17:31,18.789,2022,15
ricciardo,11,1,15:17:33,19.546,2022,15
alonso,12,1,15:18:45,19.578,2022,15
zhou,12,1,15:18:49,19.548,2022,15
mick_schumacher,13,1,15:20:02,26.813,2022,15
tsunoda,13,1,15:20:05,18.774,2022,15
latifi,13,1,15:20:19,20.284,2022,15
sainz,14,1,15:21:02,29.705,2022,15
perez,14,1,15:21:05,18.835,2022,15
kevin_magnussen,14,1,15:21:35,20.785,2022,15
stroll,16,1,15:23:49,20.205,2022,15
bottas,16,1,15:24:05,19.741,2022,15
leclerc,17,1,15:24:47,19.080,2022,15
norris,17,1,15:25:04,19.303,2022,15
max_verstappen,18,1,15:25:58,19.634,2022,15
ocon,18,1,15:26:30,19.455,2022,15
albon,21,1,15:30:35,19.325,2022,15
latifi,26,2,15:37:39,20.733,2022,15
ricciardo,27,2,15:38:47,19.567,2022,15
hamilton,29,1,15:40:15,19.046,2022,15
russell,31,1,15:42:53,19.359,2022,15
gasly,32,2,15:45:03,18.700,2022,15
mick_schumacher,33,2,15:46:28,21.814,2022,15
bottas,34,2,15:47:42,21.049,2022,15
kevin_magnussen,34,2,15:47:53,23.710,2022,15
vettel,35,2,15:49:07,19.156,2022,15
zhou,37,2,15:51:33,25.433,2022,15
stroll,38,2,15:52:27,20.214,2022,15
perez,40,2,15:54:40,18.738,2022,15
perez,7,1,15:13:53,23.698,2022,16
leclerc,12,1,15:21:01,23.531,2022,16
latifi,15,1,15:26:02,26.782,2022,16
gasly,18,1,15:30:13,25.376,2022,16
zhou,18,1,15:30:16,25.366,2022,16
stroll,18,1,15:30:22,24.254,2022,16
ricciardo,19,1,15:31:40,25.164,2022,16
de_vries,19,1,15:31:43,24.628,2022,16
ocon,19,1,15:31:50,24.336,2022,16
tsunoda,19,1,15:31:51,24.009,2022,16
russell,23,1,15:37:02,25.075,2022,16
kevin_magnussen,24,1,15:39:20,30.164,2022,16
max_verstappen,25,1,15:39:43,23.791,2022,16
sainz,30,1,15:47:28,23.728,2022,16
leclerc,33,2,15:51:22,23.904,2022,16
hamilton,33,1,15:52:05,24.282,2022,16
mick_schumacher,33,1,15:52:21,24.817,2022,16
norris,35,1,15:54:54,26.714,2022,16
bottas,35,1,15:55:18,24.758,2022,16
perez,42,2,16:05:01,23.299,2022,16
russell,47,2,16:11:50,24.114,2022,16
kevin_magnussen,46,2,16:12:00,24.846,2022,16
sainz,47,2,16:12:01,24.525,2022,16
norris,47,2,16:12:41,24.784,2022,16
max_verstappen,48,2,16:13:04,24.091,2022,16
tsunoda,47,2,16:13:25,23.904,2022,16
leclerc,48,3,16:13:27,23.719,2022,16
latifi,47,2,16:13:35,24.263,2022,16
kevin_magnussen,7,1,21:23:45,39.247,2022,17
russell,21,1,21:54:16,30.378,2022,17
gasly,33,1,22:19:45,29.867,2022,17
tsunoda,33,1,22:20:11,31.293,2022,17
bottas,33,1,22:20:13,32.167,2022,17
kevin_magnussen,33,2,22:20:17,32.603,2022,17
leclerc,34,1,22:20:56,32.058,2022,17
hamilton,34,1,22:21:36,41.019,2022,17
vettel,34,1,22:21:44,29.704,2022,17
mick_schumacher,34,1,22:22:03,31.201,2022,17
perez,35,1,22:22:51,29.550,2022,17
sainz,35,1,22:23:17,30.603,2022,17
max_verstappen,35,1,22:23:33,29.407,2022,17
stroll,35,1,22:23:50,29.863,2022,17
russell,35,2,22:25:08,29.713,2022,17
norris,36,1,22:25:51,30.528,2022,17
ricciardo,36,1,22:26:23,30.946,2022,17
max_verstappen,40,2,22:36:35,29.775,2022,17
mick_schumacher,41,2,22:39:34,34.722,2022,17
russell,41,3,22:39:46,33.211,2022,17
russell,51,4,22:59:32,29.893,2022,17
gasly,1,1,14:06:24,41.319,2022,18
max_verstappen,2,1,14:08:39,6:27.399,2022,18
leclerc,2,1,14:08:41,6:29.973,2022,18
perez,2,1,14:08:44,6:32.517,2022,18
ocon,2,1,14:08:46,6:33.601,2022,18
hamilton,2,1,14:08:49,6:36.504,2022,18
alonso,2,1,14:08:52,6:36.837,2022,18
russell,2,1,14:08:54,6:41.057,2022,18
ricciardo,2,1,14:08:57,6:41.749,2022,18
tsunoda,2,1,14:09:00,6:42.478,2022,18
mick_schumacher,2,1,14:09:04,6:40.857,2022,18
stroll,2,1,14:09:07,6:40.463,2022,18
kevin_magnussen,2,1,14:09:08,6:42.029,2022,18
norris,2,1,14:09:10,6:46.256,2022,18
bottas,2,1,14:09:11,6:47.553,2022,18
latifi,2,1,14:09:14,6:47.673,2022,18
vettel,2,1,14:09:17,6:49.647,2022,18
zhou,2,1,14:09:20,6:50.005,2022,18
gasly,2,2,14:09:22,6:49.011,2022,18
latifi,5,2,16:23:57,24.785,2022,18
vettel,5,2,16:23:58,24.218,2022,18
norris,6,2,16:25:53,24.595,2022,18
bottas,6,2,16:25:56,24.869,2022,18
max_verstappen,7,2,16:27:26,24.308,2022,18
leclerc,7,2,16:27:27,25.899,2022,18
perez,7,2,16:27:32,25.322,2022,18
ocon,7,2,16:27:34,25.172,2022,18
hamilton,7,2,16:27:36,25.059,2022,18
russell,7,2,16:27:40,28.728,2022,18
tsunoda,7,2,16:27:44,24.439,2022,18
latifi,5,1,14:12:42,25.321,2022,19
albon,9,1,14:19:29,24.624,2022,19
zhou,9,1,14:19:31,27.326,2022,19
bottas,10,1,14:21:08,25.013,2022,19
tsunoda,10,1,14:21:14,23.688,2022,19
ricciardo,10,1,14:21:17,26.206,2022,19
gasly,11,1,14:22:51,23.670,2022,19
hamilton,12,1,14:24:13,24.362,2022,19
max_verstappen,13,1,14:25:50,23.866,2022,19
russell,13,1,14:26:03,30.038,2022,19
perez,14,1,14:27:47,23.403,2022,19
norris,14,1,14:28:05,24.026,2022,19
stroll,15,1,14:29:39,25.417,2022,19
leclerc,18,1,14:34:58,24.314,2022,19
vettel,18,1,14:35:06,24.307,2022,19
alonso,18,1,14:35:26,23.870,2022,19
ocon,18,1,14:35:37,24.816,2022,19
mick_schumacher,18,1,14:35:37,25.209,2022,19
kevin_magnussen,18,1,14:35:42,29.039,2022,19
albon,18,2,14:35:50,24.311,2022,19
latifi,18,2,14:36:12,24.195,2022,19
alonso,22,2,14:45:23,39.707,2022,19
zhou,23,2,14:48:10,25.015,2022,19
gasly,32,2,15:05:32,28.918,2022,19
tsunoda,33,2,15:07:16,23.241,2022,19
mick_schumacher,33,2,15:07:18,24.651,2022,19
hamilton,34,2,15:08:39,24.135,2022,19
norris,34,2,15:08:59,23.702,2022,19
max_verstappen,35,2,15:10:18,32.254,2022,19
leclerc,35,2,15:10:26,23.755,2022,19
stroll,17,1,14:27:31,23.509,2022,20
perez,23,1,14:35:10,24.892,2022,20
latifi,23,1,14:36:14,23.826,2022,20
mick_schumacher,24,1,14:37:37,23.679,2022,20
max_verstappen,25,1,14:37:51,22.487,2022,20
leclerc,28,1,14:42:33,22.193,2022,20
hamilton,29,1,14:43:26,23.194,2022,20
sainz,29,1,14:43:52,23.469,2022,20
tsunoda,29,1,14:44:16,22.468,2022,20
norris,31,1,14:47:02,22.585,2022,20
ocon,33,1,14:49:47,22.343,2022,20
russell,34,1,14:50:27,22.795,2022,20
vettel,38,1,14:57:10,22.534,2022,20
albon,38,1,14:57:16,23.182,2022,20
kevin_magnussen,38,1,14:57:34,23.722,2022,20
bottas,39,1,14:58:09,23.863,2022,20
alonso,40,1,14:59:30,23.159,2022,20
gasly,40,1,15:00:02,29.168,2022,20
stroll,40,2,15:00:20,23.119,2022,20
ricciardo,44,1,15:05:25,22.280,2022,20
zhou,45,1,15:07:02,24.218,2022,20
latifi,52,2,15:17:55,24.039,2022,20
russell,69,2,15:39:22,23.118,2022,20
albon,4,1,15:10:31,24.361,2022,21
max_verstappen,7,1,15:15:34,30.942,2022,21
leclerc,7,1,15:15:42,30.080,2022,21
alonso,14,1,15:24:40,23.478,2022,21
zhou,16,1,15:27:16,24.332,2022,21
sainz,17,1,15:28:17,25.206,2022,21
gasly,19,1,15:31:04,23.460,2022,21
tsunoda,20,1,15:32:36,23.287,2022,21
latifi,20,1,15:32:40,28.807,2022,21
leclerc,21,2,15:34:01,23.172,2022,21
perez,23,1,15:35:54,22.869,2022,21
max_verstappen,23,2,15:36:31,31.682,2022,21
russell,24,1,15:37:06,23.521,2022,21
norris,24,1,15:37:31,29.338,2022,21
bottas,24,1,15:37:32,23.908,2022,21
ocon,24,1,15:37:35,23.868,2022,21
mick_schumacher,24,1,15:37:40,24.487,2022,21
albon,25,2,15:39:08,23.352,2022,21
vettel,26,1,15:40:04,24.248,2022,21
hamilton,29,1,15:43:41,24.081,2022,21
stroll,29,1,15:44:14,23.469,2022,21
latifi,32,2,15:48:45,24.292,2022,21
alonso,35,2,15:51:56,28.855,2022,21
gasly,35,2,15:52:05,23.328,2022,21
sainz,36,2,15:52:50,23.483,2022,21
zhou,37,2,15:54:45,25.111,2022,21
tsunoda,40,2,15:58:47,23.645,2022,21
leclerc,44,3,16:03:38,23.124,2022,21
bottas,45,2,16:04:45,24.616,2022,21
vettel,45,2,16:04:49,24.028,2022,21
albon,12,1,17:21:53,21.793,2022,22
stroll,13,1,17:23:19,21.814,2022,22
ocon,14,1,17:24:48,21.895,2022,22
tsunoda,14,1,17:24:50,21.591,2022,22
mick_schumacher,14,1,17:24:59,22.276,2022,22
gasly,14,1,17:25:03,21.855,2022,22
perez,15,1,17:26:00,21.360,2022,22
russell,15,1,17:26:08,24.243,2022,22
norris,15,1,17:26:16,22.234,2022,22
zhou,15,1,17:26:28,22.435,2022,22
latifi,15,1,17:26:44,22.423,2022,22
sainz,17,1,17:29:08,21.930,2022,22
hamilton,18,1,17:30:48,21.270,2022,22
alonso,19,1,17:32:33,21.740,2022,22
ricciardo,19,1,17:32:38,21.893,2022,22
max_verstappen,20,1,17:33:31,22.735,2022,22
leclerc,21,1,17:35:10,22.210,2022,22
vettel,25,1,17:41:51,23.186,2022,22
kevin_magnussen,28,1,17:46:53,22.387,2022,22
bottas,30,1,17:49:54,22.573,2022,22
perez,33,2,17:53:33,21.367,2022,22
mick_schumacher,34,2,17:55:56,23.530,2022,22
albon,35,2,17:57:22,21.798,2022,22
tsunoda,38,2,18:01:49,22.262,2022,22
sainz,39,2,18:02:41,21.575,2022,22
russell,39,2,18:02:44,27.931,2022,22
latifi,38,2,18:02:50,25.174,2022,22
stroll,40,2,18:04:44,21.802,2022,22
ocon,41,2,18:06:09,21.734,2022,22
norris,42,2,18:07:36,21.559,2022,22
gasly,9,1,18:18:56,25.885,2023,1
norris,10,1,18:20:31,32.766,2023,1
tsunoda,10,1,18:20:34,25.267,2023,1
bottas,11,1,18:22:06,25.399,2023,1
albon,11,1,18:22:12,25.054,2023,1
hulkenberg,11,1,18:22:21,26.075,2023,1
de_vries,11,1,18:22:21,25.018,2023,1
hamilton,12,1,18:23:40,24.682,2023,1
ocon,12,1,18:23:50,24.966,2023,1
sargeant,12,1,18:23:55,25.600,2023,1
zhou,12,1,18:24:01,25.787,2023,1
leclerc,13,1,18:25:06,24.345,2023,1
sainz,13,1,18:25:17,24.500,2023,1
russell,13,1,18:25:24,27.062,2023,1
max_verstappen,14,1,18:26:35,24.289,2023,1
alonso,14,1,18:27:02,25.800,2023,1
stroll,15,1,18:28:45,25.449,2023,1
kevin_magnussen,15,1,18:29:10,25.439,2023,1
ocon,15,2,18:29:11,41.462,2023,1
perez,17,1,18:31:42,24.264,2023,1
norris,17,2,18:32:38,33.661,2023,1
gasly,25,2,18:45:48,24.879,2023,1
albon,26,2,18:47:25,24.920,2023,1
tsunoda,26,2,18:47:26,24.372,2023,1
hulkenberg,26,2,18:47:41,37.769,2023,1
de_vries,27,2,18:49:16,25.234,2023,1
norris,27,3,18:49:35,33.467,2023,1
bottas,29,2,18:52:16,25.643,2023,1
kevin_magnussen,29,2,18:52:40,25.344,2023,1
hamilton,30,2,18:53:36,24.690,2023,1
piastri,1,1,20:05:36,31.534,2023,2
norris,2,1,20:07:18,29.444,2023,2
kevin_magnussen,8,1,20:16:55,20.870,2023,2
bottas,9,1,20:18:38,21.505,2023,2
zhou,11,1,20:21:41,21.703,2023,2
hulkenberg,11,1,20:21:43,21.567,2023,2
stroll,13,1,20:24:39,21.150,2023,2
gasly,14,1,20:26:26,20.719,2023,2
sainz,15,1,20:27:49,20.760,2023,2
leclerc,16,1,20:29:29,20.026,2023,2
ocon,16,1,20:29:34,20.762,2023,2
tsunoda,17,1,20:31:24,21.414,2023,2
albon,17,1,20:31:32,21.397,2023,2
de_vries,17,1,20:31:39,21.116,2023,2
bottas,17,2,20:32:08,22.191,2023,2
perez,18,1,20:32:46,20.715,2023,2
alonso,18,1,20:32:54,26.879,2023,2
russell,18,1,20:33:05,20.828,2023,2
max_verstappen,18,1,20:33:15,20.824,2023,2
hamilton,18,1,20:33:24,21.102,2023,2
sargeant,18,1,20:33:55,21.064,2023,2
zhou,18,2,20:34:06,21.282,2023,2
norris,19,2,20:36:25,21.352,2023,2
bottas,35,3,21:02:57,21.808,2023,2
ocon,1,1,15:05:04,18.056,2023,3
zhou,1,1,15:05:11,18.951,2023,3
sargeant,1,1,15:05:13,18.382,2023,3
perez,1,1,15:05:15,17.657,2023,3
bottas,1,1,15:05:16,21.659,2023,3
sargeant,2,2,15:07:25,19.158,2023,3
perez,2,2,15:07:26,17.814,2023,3
russell,7,1,15:15:01,19.146,2023,3
sainz,7,1,15:15:05,18.319,2023,3
kevin_magnussen,7,1,15:15:21,20.789,2023,3
hamilton,8,1,15:17:43,15:25.181,2023,3
max_verstappen,8,1,15:17:45,15:25.112,2023,3
alonso,8,1,15:17:48,15:26.940,2023,3
stroll,8,1,15:17:51,15:27.222,2023,3
gasly,8,1,15:17:53,15:26.996,2023,3
hulkenberg,8,1,15:17:55,15:26.326,2023,3
russell,8,2,15:17:59,15:30.824,2023,3
tsunoda,8,1,15:18:02,15:31.820,2023,3
norris,8,1,15:18:04,15:34.763,2023,3
piastri,8,1,15:18:06,15:34.541,2023,3
sainz,8,2,15:18:08,15:37.024,2023,3
de_vries,8,1,15:18:11,15:37.874,2023,3
ocon,8,2,15:18:14,15:37.929,2023,3
perez,8,3,15:18:16,15:37.512,2023,3
zhou,8,2,15:18:19,15:37.849,2023,3
bottas,8,2,15:18:21,15:37.594,2023,3
sargeant,8,3,15:18:23,15:38.017,2023,3
kevin_magnussen,8,2,15:18:27,15:40.228,2023,3
sargeant,36,4,16:15:29,19.018,2023,3
de_vries,45,2,16:28:14,18.080,2023,3
gasly,5,1,15:13:22,20.235,2023,4
bottas,6,1,15:15:14,20.967,2023,4
albon,7,1,15:16:57,21.103,2023,4
tsunoda,8,1,15:18:43,20.497,2023,4
piastri,8,1,15:18:44,20.902,2023,4
sargeant,8,1,15:18:50,21.015,2023,4
hamilton,9,1,15:20:23,20.324,2023,4
norris,9,1,15:20:27,20.346,2023,4
max_verstappen,10,1,15:22:00,20.707,2023,4
kevin_magnussen,10,1,15:22:35,30.951,2023,4
perez,11,1,15:24:20,20.389,2023,4
leclerc,11,1,15:24:25,21.126,2023,4
sainz,11,1,15:24:33,21.970,2023,4
alonso,11,1,15:24:35,23.148,2023,4
russell,11,1,15:24:42,20.459,2023,4
stroll,11,1,15:24:42,23.161,2023,4
zhou,11,1,15:25:01,22.247,2023,4
bottas,12,2,15:27:47,22.354,2023,4
gasly,23,2,15:48:15,21.169,2023,4
bottas,34,3,16:08:14,21.012,2023,4
russell,49,2,16:34:10,21.389,2023,4
hulkenberg,49,1,16:34:47,24.748,2023,4
ocon,50,1,16:36:20,20.367,2023,4
sargeant,2,1,15:37:09,48.938,2023,5
norris,4,1,15:40:18,24.090,2023,5
piastri,5,1,15:41:49,22.205,2023,5
kevin_magnussen,14,1,15:55:45,22.616,2023,5
gasly,15,1,15:57:16,22.417,2023,5
bottas,15,1,15:57:23,23.158,2023,5
de_vries,15,1,15:57:33,23.487,2023,5
russell,17,1,16:00:18,22.335,2023,5
leclerc,17,1,16:00:25,22.068,2023,5
sainz,18,1,16:01:46,22.278,2023,5
perez,20,1,16:04:48,21.884,2023,5
albon,22,1,16:08:22,22.482,2023,5
alonso,24,1,16:11:02,22.631,2023,5
zhou,31,1,16:22:27,22.796,2023,5
hulkenberg,33,1,16:25:26,23.120,2023,5
tsunoda,36,1,16:30:01,22.390,2023,5
hamilton,37,1,16:31:29,22.150,2023,5
ocon,39,1,16:34:33,21.942,2023,5
stroll,42,1,16:39:18,22.651,2023,5
max_verstappen,45,1,16:42:58,22.688,2023,5
hulkenberg,1,1,15:04:32,32.494,2023,6
zhou,1,1,15:04:37,26.141,2023,6
perez,1,1,15:04:37,24.887,2023,6
albon,18,1,15:27:12,24.290,2023,6
sargeant,20,1,15:30:02,24.376,2023,6
sargeant,23,2,15:34:16,27.774,2023,6
hamilton,31,1,15:43:34,24.594,2023,6
ocon,32,1,15:44:45,25.833,2023,6
sainz,33,1,15:46:05,24.252,2023,6
perez,34,2,15:48:26,32.749,2023,6
leclerc,44,1,16:00:25,24.192,2023,6
gasly,47,1,16:04:16,23.902,2023,6
norris,50,1,16:08:48,24.663,2023,6
bottas,51,1,16:10:46,30.395,2023,6
stroll,51,1,16:10:52,24.656,2023,6
zhou,52,2,16:12:35,25.260,2023,6
albon,52,2,16:12:37,26.990,2023,6
tsunoda,53,1,16:13:18,33.706,2023,6
sargeant,52,3,16:13:19,25.946,2023,6
alonso,54,1,16:13:32,24.414,2023,6
de_vries,53,1,16:13:47,24.539,2023,6
russell,54,1,16:13:57,30.980,2023,6
ocon,54,2,16:14:06,24.707,2023,6
hamilton,54,2,16:14:09,26.685,2023,6
gasly,54,2,16:14:18,29.949,2023,6
perez,53,3,16:14:19,24.217,2023,6
max_verstappen,55,1,16:15:17,24.798,2023,6
piastri,54,1,16:15:18,25.851,2023,6
norris,54,2,16:15:20,33.428,2023,6
alonso,55,2,16:15:37,25.916,2023,6
norris,1,1,15:04:44,37.736,2023,7
bottas,5,1,15:10:18,23.691,2023,7
hulkenberg,8,1,15:14:21,22.298,2023,7
zhou,9,1,15:15:38,23.430,2023,7
de_vries,9,1,15:15:44,22.522,2023,7
tsunoda,10,1,15:17:01,22.176,2023,7
kevin_magnussen,10,1,15:17:06,22.124,2023,7
ocon,13,1,15:21:01,22.112,2023,7
stroll,14,1,15:22:19,22.355,2023,7
sainz,15,1,15:23:33,22.321,2023,7
leclerc,16,1,15:25:17,21.778,2023,7
albon,16,1,15:25:24,23.319,2023,7
piastri,17,1,15:26:32,22.370,2023,7
sargeant,17,1,15:26:49,22.583,2023,7
alonso,19,1,15:29:09,22.558,2023,7
gasly,19,1,15:29:18,23.388,2023,7
norris,22,2,15:33:50,22.850,2023,7
hamilton,24,1,15:35:37,22.575,2023,7
kevin_magnussen,24,2,15:36:26,24.800,2023,7
russell,25,1,15:37:07,22.275,2023,7
max_verstappen,26,1,15:38:06,22.241,2023,7
hulkenberg,26,2,15:39:04,23.257,2023,7
perez,27,1,15:39:57,21.775,2023,7
stroll,34,2,15:49:34,23.371,2023,7
tsunoda,34,2,15:49:38,22.009,2023,7
ocon,35,2,15:50:57,24.110,2023,7
zhou,36,2,15:52:25,22.889,2023,7
sargeant,36,2,15:52:53,23.827,2023,7
albon,37,2,15:54:12,23.449,2023,7
de_vries,38,2,15:55:17,21.976,2023,7
tsunoda,1,1,14:04:32,23.646,2023,8
gasly,10,1,14:16:36,27.515,2023,8
hulkenberg,11,1,14:17:50,24.880,2023,8
stroll,11,1,14:17:53,23.711,2023,8
de_vries,11,1,14:17:56,24.960,2023,8
max_verstappen,12,1,14:18:49,23.644,2023,8
hamilton,12,1,14:18:59,24.339,2023,8
alonso,12,1,14:19:00,24.031,2023,8
ocon,12,1,14:19:12,24.402,2023,8
piastri,12,1,14:19:16,24.828,2023,8
norris,12,1,14:19:24,25.862,2023,8
albon,12,1,14:19:25,25.064,2023,8
zhou,12,1,14:19:31,24.161,2023,8
russell,12,1,14:19:55,1:28.943,2023,8
stroll,27,2,14:42:23,23.839,2023,8
hulkenberg,31,2,14:47:37,24.200,2023,8
zhou,32,2,14:48:55,27.509,2023,8
gasly,33,2,14:50:14,24.117,2023,8
tsunoda,34,2,14:51:31,27.523,2023,8
norris,35,2,14:52:42,23.570,2023,8
kevin_magnussen,35,1,14:53:34,24.909,2023,8
ocon,36,2,14:53:56,23.698,2023,8
bottas,36,1,14:53:58,24.038,2023,8
perez,37,1,14:55:06,23.281,2023,8
piastri,37,2,14:55:21,23.436,2023,8
sainz,38,1,14:56:16,24.133,2023,8
leclerc,39,1,14:57:32,24.343,2023,8
hamilton,40,2,14:58:46,23.749,2023,8
alonso,41,2,14:59:58,23.928,2023,8
max_verstappen,42,2,15:01:10,23.910,2023,8
kevin_magnussen,1,1,15:04:16,26.587,2023,9
tsunoda,1,1,15:04:31,29.691,2023,9
max_verstappen,2,1,15:05:57,16.369,2023,9
leclerc,2,1,15:05:59,16.393,2023,9
sainz,2,1,15:06:01,16.380,2023,9
hamilton,2,1,15:06:03,16.415,2023,9
norris,2,1,15:06:05,18.076,2023,9
alonso,2,1,15:06:08,16.600,2023,9
hulkenberg,2,1,15:06:09,16.778,2023,9
stroll,2,1,15:06:11,16.646,2023,9
gasly,2,1,15:06:12,16.380,2023,9
albon,2,1,15:06:13,16.737,2023,9
russell,2,1,15:06:17,17.946,2023,9
ocon,2,1,15:06:19,18.143,2023,9
perez,2,1,15:06:20,17.428,2023,9
zhou,2,1,15:06:22,17.467,2023,9
piastri,2,1,15:06:23,17.324,2023,9
sargeant,2,1,15:06:25,17.337,2023,9
bottas,2,1,15:06:27,17.130,2023,9
de_vries,2,1,15:06:28,17.033,2023,9
kevin_magnussen,2,2,15:06:31,25.654,2023,9
tsunoda,2,2,15:06:33,16.246,2023,9
zhou,8,2,15:14:10,24.374,2023,9
hulkenberg,11,2,15:17:41,21.891,2023,9
de_vries,12,2,15:19:01,21.333,2023,9
hamilton,14,2,15:21:10,21.993,2023,9
norris,14,2,15:21:12,21.290,2023,9
gasly,14,2,15:21:20,21.814,2023,9
albon,14,2,15:21:22,21.562,2023,9
russell,14,2,15:21:23,22.262,2023,9
hulkenberg,7,1,15:14:17,41.972,2023,10
tsunoda,14,1,15:25:15,28.353,2023,10
leclerc,18,1,15:31:08,28.244,2023,10
zhou,24,1,15:40:56,29.177,2023,10
sainz,26,1,15:43:36,28.869,2023,10
de_vries,27,1,15:45:34,28.242,2023,10
russell,28,1,15:46:37,29.455,2023,10
perez,28,1,15:46:50,28.060,2023,10
piastri,29,1,15:48:05,28.655,2023,10
sargeant,29,1,15:48:37,28.847,2023,10
gasly,31,1,15:51:30,28.458,2023,10
stroll,31,1,15:51:39,28.561,2023,10
albon,32,1,15:53:10,29.634,2023,10
leclerc,32,2,15:53:11,28.805,2023,10
bottas,32,1,15:53:38,29.662,2023,10
tsunoda,32,2,15:53:48,28.603,2023,10
de_vries,32,2,15:53:55,28.413,2023,10
hulkenberg,32,2,15:54:11,30.003,2023,10
max_verstappen,33,1,15:54:29,29.056,2023,10
norris,33,1,15:54:43,28.438,2023,10
hamilton,33,1,15:54:58,29.169,2023,10
alonso,33,1,15:55:09,28.679,2023,10
zhou,33,2,15:56:08,28.709,2023,10
zhou,36,3,16:02:39,34.374,2023,10
albon,8,1,15:14:47,22.076,2023,11
stroll,9,1,15:16:10,21.910,2023,11
tsunoda,9,1,15:16:10,26.170,2023,11
bottas,9,1,15:16:11,22.114,2023,11
zhou,10,1,15:17:40,29.211,2023,11
sargeant,13,1,15:21:59,24.001,2023,11
kevin_magnussen,14,1,15:23:24,22.753,2023,11
sainz,15,1,15:24:37,21.402,2023,11
hamilton,16,1,15:25:56,21.974,2023,11
hulkenberg,16,1,15:26:11,22.922,2023,11
norris,17,1,15:27:16,21.541,2023,11
leclerc,17,1,15:27:23,28.404,2023,11
piastri,18,1,15:28:39,21.171,2023,11
ricciardo,18,1,15:29:10,21.958,2023,11
alonso,20,1,15:31:46,22.916,2023,11
max_verstappen,23,1,15:35:32,21.407,2023,11
perez,24,1,15:37:20,21.862,2023,11
russell,28,1,15:43:20,21.886,2023,11
ricciardo,29,2,15:45:13,22.203,2023,11
albon,31,2,15:47:54,21.762,2023,11
stroll,34,2,15:52:02,22.403,2023,11
sargeant,34,2,15:52:24,22.197,2023,11
hulkenberg,38,2,15:57:58,21.955,2023,11
zhou,38,2,15:58:02,22.853,2023,11
bottas,40,2,16:00:39,23.242,2023,11
kevin_magnussen,41,2,16:02:32,22.152,2023,11
piastri,42,2,16:02:48,22.030,2023,11
perez,42,2,16:02:51,20.880,2023,11
leclerc,43,2,16:04:31,21.452,2023,11
alonso,43,2,16:04:39,24.152,2023,11
norris,5,1,15:13:27,25.012,2023,12
kevin_magnussen,5,1,15:13:30,23.638,2023,12
ricciardo,5,1,15:13:31,22.843,2023,12
ocon,6,1,15:15:23,23.085,2023,12
bottas,6,1,15:15:24,23.362,2023,12
albon,7,1,15:17:14,25.015,2023,12
sainz,7,1,15:17:20,23.303,2023,12
zhou,7,1,15:17:21,24.449,2023,12
sargeant,8,1,15:19:14,23.570,2023,12
tsunoda,9,1,15:20:59,22.610,2023,12
alonso,10,1,15:22:48,23.085,2023,12
hamilton,12,1,15:26:27,23.090,2023,12
hulkenberg,12,1,15:26:56,24.571,2023,12
perez,13,1,15:28:09,23.684,2023,12
leclerc,13,1,15:28:16,23.224,2023,12
max_verstappen,14,1,15:30:04,22.887,2023,12
norris,17,2,15:36:37,23.744,2023,12
stroll,20,1,15:42:12,25.397,2023,12
russell,22,1,15:46:00,23.837,2023,12
ricciardo,22,2,15:46:18,23.290,2023,12
gasly,23,1,15:48:00,25.664,2023,12
albon,23,2,15:48:02,23.596,2023,12
tsunoda,24,2,15:49:52,22.737,2023,12
bottas,24,2,15:50:02,23.786,2023,12
hulkenberg,24,2,15:50:04,25.238,2023,12
sargeant,24,2,15:50:09,23.938,2023,12
ocon,25,2,15:51:50,23.339,2023,12
kevin_magnussen,25,2,15:51:55,23.572,2023,12
zhou,25,2,15:52:01,24.045,2023,12
hamilton,27,2,15:55:00,23.023,2023,12
perez,1,1,15:04:43,22.666,2023,13
leclerc,1,1,15:04:46,32.686,2023,13
gasly,1,1,15:04:47,28.469,2023,13
zhou,1,1,15:04:49,23.088,2023,13
tsunoda,1,1,15:04:50,32.321,2023,13
lawson,1,1,15:04:53,42.641,2023,13
kevin_magnussen,1,1,15:04:55,31.341,2023,13
max_verstappen,2,1,15:06:25,20.379,2023,13
alonso,2,1,15:06:26,20.647,2023,13
sainz,2,1,15:06:31,20.973,2023,13
ocon,2,1,15:06:39,22.534,2023,13
norris,3,1,15:08:18,20.170,2023,13
hamilton,3,1,15:08:35,20.266,2023,13
russell,4,1,15:10:00,21.201,2023,13
stroll,4,1,15:10:16,20.036,2023,13
kevin_magnussen,9,2,15:16:59,20.137,2023,13
hamilton,9,2,15:17:26,19.970,2023,13
stroll,9,2,15:17:44,20.208,2023,13
zhou,10,2,15:18:09,20.231,2023,13
alonso,10,2,15:18:10,20.109,2023,13
sainz,10,2,15:18:16,19.511,2023,13
tsunoda,10,2,15:18:24,18.904,2023,13
ocon,10,2,15:18:26,19.795,2023,13
norris,10,2,15:18:33,20.395,2023,13
lawson,10,2,15:18:37,30.836,2023,13
russell,10,2,15:18:55,20.148,2023,13
max_verstappen,11,2,15:19:24,19.289,2023,13
gasly,11,2,15:19:34,19.518,2023,13
leclerc,11,2,15:19:46,27.202,2023,13
perez,12,2,15:20:46,19.460,2023,13
gasly,10,1,15:38:07,27.376,2023,14
zhou,11,1,15:39:33,24.396,2023,14
kevin_magnussen,12,1,15:41:12,24.660,2023,14
lawson,13,1,15:42:27,24.212,2023,14
hulkenberg,14,1,15:43:56,26.095,2023,14
sargeant,14,1,15:43:57,24.779,2023,14
albon,15,1,15:45:13,24.538,2023,14
sainz,19,1,15:50:52,25.183,2023,14
russell,19,1,15:50:56,24.215,2023,14
max_verstappen,20,1,15:52:13,24.228,2023,14
leclerc,20,1,15:52:19,23.931,2023,14
stroll,20,1,15:52:50,25.667,2023,14
perez,21,1,15:53:46,23.819,2023,14
alonso,21,1,15:54:03,24.798,2023,14
norris,22,1,15:55:26,23.727,2023,14
piastri,23,1,15:56:53,24.133,2023,14
ocon,24,1,15:58:45,24.249,2023,14
bottas,25,1,16:00:06,24.658,2023,14
hamilton,27,1,16:02:46,24.255,2023,14
gasly,31,2,16:09:08,24.686,2023,14
lawson,33,2,16:11:56,24.281,2023,14
zhou,33,2,16:11:58,25.959,2023,14
kevin_magnussen,33,2,16:12:15,24.765,2023,14
hulkenberg,39,2,16:20:52,24.328,2023,14
piastri,41,2,16:23:21,31.799,2023,14
zhou,2,1,20:07:21,30.032,2023,15
sargeant,19,1,20:36:42,1:03.543,2023,15
sainz,20,1,20:37:19,29.499,2023,15
leclerc,20,1,20:37:28,32.888,2023,15
russell,20,1,20:37:29,29.976,2023,15
norris,20,1,20:37:31,29.485,2023,15
hamilton,20,1,20:37:33,32.631,2023,15
alonso,20,1,20:37:39,30.670,2023,15
ocon,20,1,20:37:43,29.755,2023,15
kevin_magnussen,20,1,20:37:50,31.475,2023,15
hulkenberg,20,1,20:37:53,35.497,2023,15
gasly,20,1,20:37:54,31.802,2023,15
lawson,20,1,20:37:55,32.348,2023,15
piastri,20,1,20:37:58,29.369,2023,15
albon,20,1,20:37:59,30.138,2023,15
zhou,20,2,20:38:30,30.637,2023,15
perez,39,1,21:11:53,28.977,2023,15
max_verstappen,40,1,21:13:21,29.698,2023,15
bottas,40,1,21:13:47,30.487,2023,15
albon,43,2,21:18:51,29.787,2023,15
kevin_magnussen,43,2,21:19:04,33.078,2023,15
sargeant,43,2,21:19:17,31.018,2023,15
russell,44,2,21:20:21,30.039,2023,15
hamilton,44,2,21:20:24,33.581,2023,15
alonso,44,2,21:20:59,52.708,2023,15
albon,1,1,14:06:29,50.143,2023,16
zhou,1,1,14:06:34,41.041,2023,16
ocon,1,1,14:06:45,27.056,2023,16
bottas,1,1,14:06:58,55.802,2023,16
perez,2,1,14:08:56,32.450,2023,16
sargeant,2,1,14:09:11,32.715,2023,16
sargeant,5,2,14:16:24,43.868,2023,16
bottas,6,2,14:18:28,53.512,2023,16
hulkenberg,8,1,14:21:18,23.520,2023,16
tsunoda,9,1,14:22:56,22.944,2023,16
lawson,10,1,14:24:35,23.136,2023,16
zhou,10,2,14:24:44,24.091,2023,16
alonso,11,1,14:26:10,24.086,2023,16
perez,12,2,14:28:22,41.499,2023,16
kevin_magnussen,12,1,14:28:23,23.816,2023,16
piastri,13,1,14:29:24,24.455,2023,16
albon,13,2,14:29:58,52.165,2023,16
stroll,14,1,14:31:37,23.441,2023,16
perez,13,3,14:31:50,41:25.913,2023,16
max_verstappen,16,1,14:34:31,24.382,2023,16
hamilton,16,1,14:34:49,24.841,2023,16
norris,17,1,14:36:20,23.523,2023,16
leclerc,17,1,14:36:23,23.197,2023,16
sainz,18,1,14:38:04,23.075,2023,16
gasly,18,1,14:38:20,24.488,2023,16
hulkenberg,21,2,14:43:39,23.660,2023,16
sargeant,21,3,14:44:16,35.182,2023,16
russell,24,1,14:48:05,24.034,2023,16
alonso,25,2,14:50:07,24.294,2023,16
lawson,25,2,14:50:20,23.671,2023,16
russell,1,1,20:05:46,39.686,2023,17
bottas,3,1,20:10:22,29.977,2023,17
kevin_magnussen,3,1,20:10:26,28.743,2023,17
stroll,3,1,20:10:27,28.886,2023,17
lawson,3,1,20:10:28,29.330,2023,17
tsunoda,9,1,20:20:28,27.781,2023,17
ocon,10,1,20:21:53,28.961,2023,17
alonso,11,1,20:23:19,28.373,2023,17
gasly,11,1,20:23:25,28.429,2023,17
piastri,12,1,20:24:45,28.875,2023,17
leclerc,12,1,20:24:49,28.228,2023,17
norris,13,1,20:26:21,28.134,2023,17
hulkenberg,13,1,20:26:32,39.879,2023,17
sargeant,13,1,20:26:35,29.436,2023,17
russell,14,2,20:27:57,28.542,2023,17
max_verstappen,17,1,20:32:05,28.233,2023,17
perez,17,1,20:32:32,27.808,2023,17
albon,18,1,20:33:58,29.253,2023,17
zhou,18,1,20:34:06,28.984,2023,17
bottas,21,2,20:38:42,29.387,2023,17
stroll,21,2,20:38:45,28.156,2023,17
kevin_magnussen,21,2,20:38:52,28.948,2023,17
lawson,21,2,20:38:54,28.665,2023,17
tsunoda,22,2,20:40:25,27.596,2023,17
piastri,25,2,20:44:26,27.868,2023,17
leclerc,25,2,20:44:40,27.873,2023,17
ocon,25,2,20:44:42,28.969,2023,17
alonso,26,2,20:46:01,28.432,2023,17
gasly,26,2,20:46:12,30.192,2023,17
sargeant,26,2,20:46:27,29.373,2023,17
zhou,9,1,14:19:22,25.636,2023,18
albon,10,1,14:21:07,24.563,2023,18
bottas,10,1,14:21:09,24.783,2023,18
kevin_magnussen,10,1,14:21:11,25.067,2023,18
sargeant,11,1,14:22:55,24.990,2023,18
max_verstappen,16,1,14:31:06,23.756,2023,18
norris,17,1,14:32:42,24.155,2023,18
sainz,17,1,14:32:54,23.668,2023,18
perez,17,1,14:32:58,24.245,2023,18
tsunoda,17,1,14:33:06,24.354,2023,18
gasly,18,1,14:34:46,23.900,2023,18
alonso,19,1,14:36:41,25.055,2023,18
hulkenberg,19,1,14:36:48,26.573,2023,18
hamilton,20,1,14:37:53,24.916,2023,18
stroll,20,1,14:38:28,24.457,2023,18
russell,21,1,14:39:49,24.357,2023,18
ricciardo,23,1,14:43:10,23.963,2023,18
leclerc,23,1,14:43:10,23.963,2023,18
zhou,27,2,14:50:48,24.717,2023,18
bottas,28,2,14:52:29,25.020,2023,18
albon,29,2,14:54:08,24.354,2023,18
kevin_magnussen,29,2,14:54:24,24.745,2023,18
sargeant,32,2,14:59:24,25.547,2023,18
norris,34,2,15:01:53,23.361,2023,18
tsunoda,34,2,15:02:26,24.125,2023,18
hulkenberg,34,2,15:02:47,24.308,2023,18
max_verstappen,35,2,15:03:31,24.974,2023,18
sainz,35,2,15:03:42,23.673,2023,18
perez,37,2,15:07:07,23.747,2023,18
gasly,37,2,15:07:28,24.880,2023,18
tsunoda,9,1,14:16:34,30.121,2023,19
norris,11,1,14:19:23,23.408,2023,19
max_verstappen,19,1,14:30:10,22.427,2023,19
zhou,21,1,14:33:34,22.817,2023,19
sargeant,22,1,14:35:03,23.945,2023,19
hulkenberg,23,1,14:36:19,23.144,2023,19
kevin_magnussen,23,1,14:36:27,23.642,2023,19
hamilton,24,1,14:37:21,22.210,2023,19
piastri,25,1,14:38:53,23.734,2023,19
russell,26,1,14:40:18,22.311,2023,19
ricciardo,27,1,14:41:39,22.406,2023,19
gasly,28,1,14:43:24,22.627,2023,19
alonso,29,1,14:45:06,22.844,2023,19
sainz,30,1,14:45:46,22.067,2023,19
stroll,30,1,14:46:28,22.582,2023,19
leclerc,31,1,14:47:01,22.248,2023,19
bottas,31,1,14:47:48,23.638,2023,19
max_verstappen,33,2,14:50:02,22.372,2023,19
norris,33,2,14:50:50,22.563,2023,19
albon,33,1,14:50:54,23.680,2023,19
max_verstappen,34,3,14:52:56,20:09.136,2023,19
leclerc,34,2,14:52:57,20:10.512,2023,19
hamilton,34,2,14:52:59,20:12.908,2023,19
sainz,34,2,14:53:00,20:15.432,2023,19
ricciardo,34,2,14:53:02,20:17.136,2023,19
piastri,34,2,14:53:04,20:19.064,2023,19
russell,34,2,14:53:10,20:18.200,2023,19
tsunoda,34,2,14:53:13,20:18.057,2023,19
hulkenberg,34,2,14:53:15,20:19.826,2023,19
norris,34,3,14:53:17,20:26.386,2023,19
max_verstappen,1,1,14:05:19,18.535,2023,20
norris,1,1,14:05:21,19.386,2023,20
hamilton,1,1,14:05:24,18.521,2023,20
alonso,1,1,14:05:26,18.487,2023,20
stroll,1,1,14:05:28,18.504,2023,20
russell,1,1,14:05:30,20.449,2023,20
perez,1,1,14:05:32,20.811,2023,20
sainz,1,1,14:05:33,23.030,2023,20
ocon,1,1,14:05:35,22.209,2023,20
piastri,1,1,14:05:36,26:24.007,2023,20
tsunoda,1,1,14:05:39,20.969,2023,20
gasly,1,1,14:05:40,20.523,2023,20
bottas,1,1,14:05:41,20.732,2023,20
zhou,1,1,14:05:45,21.256,2023,20
sargeant,1,1,14:05:46,27.472,2023,20
ricciardo,1,1,14:05:47,26:16.725,2023,20
hulkenberg,1,1,14:05:49,34.261,2023,20
max_verstappen,2,2,14:07:42,23:22.632,2023,20
norris,2,2,14:07:44,23:24.611,2023,20
hamilton,2,2,14:07:46,23:26.375,2023,20
alonso,2,2,14:07:47,23:28.154,2023,20
stroll,2,2,14:07:50,23:29.984,2023,20
russell,2,2,14:07:53,23:30.984,2023,20
perez,2,2,14:07:55,23:31.712,2023,20
sainz,2,2,14:07:57,23:33.704,2023,20
ocon,2,2,14:07:59,23:34.725,2023,20
tsunoda,2,2,14:08:02,23:35.420,2023,20
gasly,2,2,14:08:04,23:36.706,2023,20
bottas,2,2,14:08:05,23:38.156,2023,20
zhou,2,2,14:08:09,23:39.945,2023,20
perez,1,1,22:06:05,33.599,2023,21
alonso,1,1,22:06:26,29.304,2023,21
bottas,1,1,22:06:30,43.914,2023,21
stroll,3,1,22:10:06,22.222,2023,21
sainz,3,1,22:10:19,21.261,2023,21
tsunoda,10,1,22:25:26,20.619,2023,21
hulkenberg,12,1,22:28:45,22.154,2023,21
kevin_magnussen,14,1,22:32:02,21.611,2023,21
russell,15,1,22:33:29,21.257,2023,21
sargeant,15,1,22:33:40,21.367,2023,21
max_verstappen,16,1,22:35:04,26.686,2023,21
albon,16,1,22:35:17,21.242,2023,21
piastri,16,1,22:35:19,23.269,2023,21
gasly,17,1,22:36:53,22.262,2023,21
hamilton,17,1,22:37:11,25.047,2023,21
ricciardo,17,1,22:37:13,22.242,2023,21
ocon,20,1,22:41:58,21.763,2023,21
leclerc,21,1,22:43:18,22.559,2023,21
tsunoda,21,2,22:44:16,20.894,2023,21
bottas,24,2,22:49:10,21.575,2023,21
perez,26,2,22:51:52,21.568,2023,21
stroll,26,2,22:52:07,22.570,2023,21
max_verstappen,26,2,22:52:08,21.323,2023,21
russell,26,2,22:52:11,21.952,2023,21
sainz,26,2,22:52:13,22.630,2023,21
alonso,26,2,22:52:17,23.214,2023,21
zhou,26,1,22:52:26,22.155,2023,21
kevin_magnussen,26,2,22:52:38,21.868,2023,21
hulkenberg,26,2,22:52:42,25.453,2023,21
hamilton,26,2,22:52:49,22.508,2023,21
kevin_magnussen,5,1,17:11:16,22.764,2023,22
ricciardo,7,1,17:14:15,21.692,2023,22
alonso,12,1,17:21:44,22.462,2023,22
piastri,13,1,17:23:13,21.697,2023,22
hulkenberg,13,1,17:23:25,21.861,2023,22
zhou,13,1,17:23:27,22.867,2023,22
norris,14,1,17:24:40,24.061,2023,22
russell,14,1,17:24:42,21.650,2023,22
hamilton,15,1,17:26:21,22.195,2023,22
ocon,15,1,17:26:22,22.160,2023,22
sargeant,15,1,17:26:35,22.124,2023,22
max_verstappen,16,1,17:27:36,21.662,2023,22
albon,16,1,17:28:04,22.170,2023,22
leclerc,17,1,17:29:09,21.919,2023,22
perez,17,1,17:29:21,21.446,2023,22
gasly,17,1,17:29:26,23.091,2023,22
tsunoda,22,1,17:36:54,21.486,2023,22
stroll,22,1,17:36:59,21.866,2023,22
kevin_magnussen,22,2,17:37:30,22.163,2023,22
sainz,23,1,17:38:36,21.229,2023,22
bottas,29,1,17:48:01,22.665,2023,22
ricciardo,31,2,17:50:51,21.740,2023,22
gasly,32,2,17:52:26,23.478,2023,22
norris,33,2,17:53:31,21.432,2023,22
hulkenberg,33,2,17:54:04,22.081,2023,22
russell,34,2,17:54:57,22.084,2023,22
leclerc,35,2,17:56:25,21.246,2023,22
hamilton,35,2,17:56:42,22.045,2023,22
piastri,36,2,17:58:08,21.156,2023,22
alonso,36,2,17:58:11,21.841,2023,22
